2026-06-10 13:22:37 - app_logger - INFO - get_simulation_results:753 - Fetching simulation results for system 'SYS_2'
2026-06-10 13:22:37 - app_logger - INFO - get_simulation_result_tablename:108 - Generated simulation_result table name for system 'SYS_2'
2026-06-10 13:22:37 - app_logger - INFO - create_simulation_result_model:618 - Creating new dynamic SimulationResult model for table 'Z_FUE_SYS_2_SIMULATION_RESULT'
2026-06-10 13:22:37 - app_logger - INFO - create_simulation_result_model:627 - Successfully created dynamic SimulationResult model for table 'Z_FUE_SYS_2_SIMULATION_RESULT'
2026-06-10 13:22:38 - app_logger - INFO - get_simulation_results:753 - Fetching simulation results for system 'SYS_2'
2026-06-10 13:22:38 - app_logger - INFO - get_simulation_result_tablename:108 - Generated simulation_result table name for system 'SYS_2'
2026-06-10 13:22:38 - app_logger - INFO - create_simulation_result_model:615 - Model for table 'Z_FUE_SYS_2_SIMULATION_RESULT' found in cache.
2026-06-10 13:22:38 - app_logger - INFO - get_all_requests:108 - Request received — list all optimisation requests.
2026-06-10 13:22:38 - app_logger - INFO - get_all_requests:111 - Returning 17 request(s).
2026-06-10 13:22:39 - app_logger - INFO - get_simulation_results:753 - Fetching simulation results for system 'SYS_2'
2026-06-10 13:22:39 - app_logger - INFO - get_simulation_result_tablename:108 - Generated simulation_result table name for system 'SYS_2'
2026-06-10 13:22:39 - app_logger - INFO - create_simulation_result_model:615 - Model for table 'Z_FUE_SYS_2_SIMULATION_RESULT' found in cache.
2026-06-10 13:22:45 - app_logger - INFO - get_simulation_results:753 - Fetching simulation results for system 'SYS_2'
2026-06-10 13:22:45 - app_logger - INFO - get_simulation_result_tablename:108 - Generated simulation_result table name for system 'SYS_2'
2026-06-10 13:22:45 - app_logger - INFO - create_simulation_result_model:615 - Model for table 'Z_FUE_SYS_2_SIMULATION_RESULT' found in cache.
2026-06-10 13:22:49 - app_logger - INFO - get_simulation_results:753 - Fetching simulation results for system 'SYS_2'
2026-06-10 13:22:49 - app_logger - INFO - get_simulation_result_tablename:108 - Generated simulation_result table name for system 'SYS_2'
2026-06-10 13:22:49 - app_logger - INFO - create_simulation_result_model:615 - Model for table 'Z_FUE_SYS_2_SIMULATION_RESULT' found in cache.
2026-06-10 13:22:53 - app_logger - INFO - get_all_requests:108 - Request received — list all optimisation requests.
2026-06-10 13:22:53 - app_logger - INFO - get_all_requests:111 - Returning 17 request(s).
2026-06-10 13:22:54 - app_logger - INFO - get_simulation_results:753 - Fetching simulation results for system 'SYS_2'
2026-06-10 13:22:54 - app_logger - INFO - get_simulation_result_tablename:108 - Generated simulation_result table name for system 'SYS_2'
2026-06-10 13:22:54 - app_logger - INFO - create_simulation_result_model:615 - Model for table 'Z_FUE_SYS_2_SIMULATION_RESULT' found in cache.
2026-06-10 13:22:59 - app_logger - INFO - get_simulation_results:753 - Fetching simulation results for system 'SYS_2'
2026-06-10 13:22:59 - app_logger - INFO - get_simulation_result_tablename:108 - Generated simulation_result table name for system 'SYS_2'
2026-06-10 13:22:59 - app_logger - INFO - create_simulation_result_model:615 - Model for table 'Z_FUE_SYS_2_SIMULATION_RESULT' found in cache.
2026-06-10 13:23:05 - app_logger - INFO - get_simulation_results:753 - Fetching simulation results for system 'SYS_2'
2026-06-10 13:23:05 - app_logger - INFO - get_simulation_result_tablename:108 - Generated simulation_result table name for system 'SYS_2'
2026-06-10 13:23:05 - app_logger - INFO - create_simulation_result_model:615 - Model for table 'Z_FUE_SYS_2_SIMULATION_RESULT' found in cache.
2026-06-10 13:23:08 - app_logger - INFO - get_all_requests:108 - Request received — list all optimisation requests.
2026-06-10 13:23:08 - app_logger - INFO - get_all_requests:111 - Returning 17 request(s).
2026-06-10 13:23:09 - app_logger - INFO - get_simulation_results:753 - Fetching simulation results for system 'SYS_2'
2026-06-10 13:23:09 - app_logger - INFO - get_simulation_result_tablename:108 - Generated simulation_result table name for system 'SYS_2'
2026-06-10 13:23:09 - app_logger - INFO - create_simulation_result_model:615 - Model for table 'Z_FUE_SYS_2_SIMULATION_RESULT' found in cache.
2026-06-10 13:23:14 - app_logger - INFO - get_simulation_results:753 - Fetching simulation results for system 'SYS_2'
2026-06-10 13:23:14 - app_logger - INFO - get_simulation_result_tablename:108 - Generated simulation_result table name for system 'SYS_2'
2026-06-10 13:23:14 - app_logger - INFO - create_simulation_result_model:615 - Model for table 'Z_FUE_SYS_2_SIMULATION_RESULT' found in cache.
2026-06-10 13:23:19 - app_logger - INFO - get_simulation_results:753 - Fetching simulation results for system 'SYS_2'
2026-06-10 13:23:19 - app_logger - INFO - get_simulation_result_tablename:108 - Generated simulation_result table name for system 'SYS_2'
2026-06-10 13:23:19 - app_logger - INFO - create_simulation_result_model:615 - Model for table 'Z_FUE_SYS_2_SIMULATION_RESULT' found in cache.
2026-06-10 13:23:23 - app_logger - INFO - get_all_requests:108 - Request received — list all optimisation requests.
2026-06-10 13:23:23 - app_logger - INFO - get_all_requests:111 - Returning 17 request(s).
2026-06-10 13:23:24 - app_logger - INFO - get_simulation_results:753 - Fetching simulation results for system 'SYS_2'
2026-06-10 13:23:24 - app_logger - INFO - get_simulation_result_tablename:108 - Generated simulation_result table name for system 'SYS_2'
2026-06-10 13:23:24 - app_logger - INFO - create_simulation_result_model:615 - Model for table 'Z_FUE_SYS_2_SIMULATION_RESULT' found in cache.
2026-06-10 13:23:29 - app_logger - INFO - get_simulation_results:753 - Fetching simulation results for system 'SYS_2'
2026-06-10 13:23:29 - app_logger - INFO - get_simulation_result_tablename:108 - Generated simulation_result table name for system 'SYS_2'
2026-06-10 13:23:29 - app_logger - INFO - create_simulation_result_model:615 - Model for table 'Z_FUE_SYS_2_SIMULATION_RESULT' found in cache.
2026-06-10 13:23:31 - app_logger - INFO - get_sim_results_by_request_id:186 - Fetching sim results for req_id='REQ100016', system='SYS_2'.
2026-06-10 13:23:31 - app_logger - INFO - create_opt_sim_result_model:112 - Creating OptSimResult model for 'Z_FUE_SYS_2_OPT_SIM_RESULT'.
2026-06-10 13:23:31 - app_logger - INFO - get_results_by_request_id:138 - Fetching AI results for req_id='REQ100016'.
2026-06-10 13:23:31 - app_logger - INFO - get_sim_results_by_request_id:199 - Found 1 sim result row(s) for req_id='REQ100016'.
2026-06-10 13:23:31 - app_logger - INFO - get_results_by_request_id:148 - Found 1 AI result row(s) for req_id='REQ100016'.
2026-06-10 13:23:34 - app_logger - INFO - get_simulation_results:753 - Fetching simulation results for system 'SYS_2'
2026-06-10 13:23:34 - app_logger - INFO - get_simulation_result_tablename:108 - Generated simulation_result table name for system 'SYS_2'
2026-06-10 13:23:34 - app_logger - INFO - create_simulation_result_model:615 - Model for table 'Z_FUE_SYS_2_SIMULATION_RESULT' found in cache.
2026-06-10 13:23:40 - app_logger - INFO - get_simulation_results:753 - Fetching simulation results for system 'SYS_2'
2026-06-10 13:23:40 - app_logger - INFO - get_simulation_result_tablename:108 - Generated simulation_result table name for system 'SYS_2'
2026-06-10 13:23:40 - app_logger - INFO - create_simulation_result_model:615 - Model for table 'Z_FUE_SYS_2_SIMULATION_RESULT' found in cache.
2026-06-10 13:23:44 - app_logger - INFO - get_simulation_results:753 - Fetching simulation results for system 'SYS_2'
2026-06-10 13:23:44 - app_logger - INFO - get_simulation_result_tablename:108 - Generated simulation_result table name for system 'SYS_2'
2026-06-10 13:23:44 - app_logger - INFO - create_simulation_result_model:615 - Model for table 'Z_FUE_SYS_2_SIMULATION_RESULT' found in cache.
2026-06-10 13:23:49 - app_logger - INFO - get_simulation_results:753 - Fetching simulation results for system 'SYS_2'
2026-06-10 13:23:49 - app_logger - INFO - get_simulation_result_tablename:108 - Generated simulation_result table name for system 'SYS_2'
2026-06-10 13:23:49 - app_logger - INFO - create_simulation_result_model:615 - Model for table 'Z_FUE_SYS_2_SIMULATION_RESULT' found in cache.
2026-06-10 13:23:54 - app_logger - INFO - get_simulation_results:753 - Fetching simulation results for system 'SYS_2'
2026-06-10 13:23:54 - app_logger - INFO - get_simulation_result_tablename:108 - Generated simulation_result table name for system 'SYS_2'
2026-06-10 13:23:54 - app_logger - INFO - create_simulation_result_model:615 - Model for table 'Z_FUE_SYS_2_SIMULATION_RESULT' found in cache.
2026-06-10 13:23:59 - app_logger - INFO - get_simulation_results:753 - Fetching simulation results for system 'SYS_2'
2026-06-10 13:23:59 - app_logger - INFO - get_simulation_result_tablename:108 - Generated simulation_result table name for system 'SYS_2'
2026-06-10 13:23:59 - app_logger - INFO - create_simulation_result_model:615 - Model for table 'Z_FUE_SYS_2_SIMULATION_RESULT' found in cache.
2026-06-10 13:24:04 - app_logger - INFO - get_simulation_results:753 - Fetching simulation results for system 'SYS_2'
2026-06-10 13:24:04 - app_logger - INFO - get_simulation_result_tablename:108 - Generated simulation_result table name for system 'SYS_2'
2026-06-10 13:24:04 - app_logger - INFO - create_simulation_result_model:615 - Model for table 'Z_FUE_SYS_2_SIMULATION_RESULT' found in cache.
2026-06-10 13:24:09 - app_logger - INFO - get_simulation_results:753 - Fetching simulation results for system 'SYS_2'
2026-06-10 13:24:09 - app_logger - INFO - get_simulation_result_tablename:108 - Generated simulation_result table name for system 'SYS_2'
2026-06-10 13:24:09 - app_logger - INFO - create_simulation_result_model:615 - Model for table 'Z_FUE_SYS_2_SIMULATION_RESULT' found in cache.
2026-06-10 13:24:15 - app_logger - INFO - get_simulation_results:753 - Fetching simulation results for system 'SYS_2'
2026-06-10 13:24:15 - app_logger - INFO - get_simulation_result_tablename:108 - Generated simulation_result table name for system 'SYS_2'
2026-06-10 13:24:15 - app_logger - INFO - create_simulation_result_model:615 - Model for table 'Z_FUE_SYS_2_SIMULATION_RESULT' found in cache.
2026-06-10 13:24:19 - app_logger - INFO - get_simulation_results:753 - Fetching simulation results for system 'SYS_2'
2026-06-10 13:24:19 - app_logger - INFO - get_simulation_result_tablename:108 - Generated simulation_result table name for system 'SYS_2'
2026-06-10 13:24:19 - app_logger - INFO - create_simulation_result_model:615 - Model for table 'Z_FUE_SYS_2_SIMULATION_RESULT' found in cache.
2026-06-10 13:24:24 - app_logger - INFO - get_simulation_results:753 - Fetching simulation results for system 'SYS_2'
2026-06-10 13:24:24 - app_logger - INFO - get_simulation_result_tablename:108 - Generated simulation_result table name for system 'SYS_2'
2026-06-10 13:24:24 - app_logger - INFO - create_simulation_result_model:615 - Model for table 'Z_FUE_SYS_2_SIMULATION_RESULT' found in cache.
2026-06-10 13:24:29 - app_logger - INFO - get_simulation_results:753 - Fetching simulation results for system 'SYS_2'
2026-06-10 13:24:29 - app_logger - INFO - get_simulation_result_tablename:108 - Generated simulation_result table name for system 'SYS_2'
2026-06-10 13:24:29 - app_logger - INFO - create_simulation_result_model:615 - Model for table 'Z_FUE_SYS_2_SIMULATION_RESULT' found in cache.
2026-06-10 13:24:36 - app_logger - INFO - get_simulation_results:753 - Fetching simulation results for system 'SYS_2'
2026-06-10 13:24:36 - app_logger - INFO - get_simulation_result_tablename:108 - Generated simulation_result table name for system 'SYS_2'
2026-06-10 13:24:36 - app_logger - INFO - create_simulation_result_model:615 - Model for table 'Z_FUE_SYS_2_SIMULATION_RESULT' found in cache.
2026-06-10 13:24:40 - app_logger - INFO - get_simulation_results:753 - Fetching simulation results for system 'SYS_2'
2026-06-10 13:24:40 - app_logger - INFO - get_simulation_result_tablename:108 - Generated simulation_result table name for system 'SYS_2'
2026-06-10 13:24:40 - app_logger - INFO - create_simulation_result_model:615 - Model for table 'Z_FUE_SYS_2_SIMULATION_RESULT' found in cache.
2026-06-10 13:24:45 - app_logger - INFO - get_simulation_results:753 - Fetching simulation results for system 'SYS_2'
2026-06-10 13:24:45 - app_logger - INFO - get_simulation_result_tablename:108 - Generated simulation_result table name for system 'SYS_2'
2026-06-10 13:24:45 - app_logger - INFO - create_simulation_result_model:615 - Model for table 'Z_FUE_SYS_2_SIMULATION_RESULT' found in cache.
2026-06-10 13:24:47 - app_logger - INFO - get_sim_results_by_request_id:186 - Fetching sim results for req_id='REQ100016', system='SYS_2'.
2026-06-10 13:24:47 - app_logger - INFO - get_results_by_request_id:138 - Fetching AI results for req_id='REQ100016'.
2026-06-10 13:24:47 - app_logger - INFO - get_sim_results_by_request_id:199 - Found 1 sim result row(s) for req_id='REQ100016'.
2026-06-10 13:24:47 - app_logger - INFO - get_results_by_request_id:148 - Found 1 AI result row(s) for req_id='REQ100016'.
2026-06-10 13:24:49 - app_logger - INFO - get_sim_results_by_request_id:186 - Fetching sim results for req_id='REQ100016', system='SYS_2'.
2026-06-10 13:24:49 - app_logger - INFO - get_sim_results_by_request_id:199 - Found 1 sim result row(s) for req_id='REQ100016'.
2026-06-10 13:24:50 - app_logger - INFO - get_simulation_results:753 - Fetching simulation results for system 'SYS_2'
2026-06-10 13:24:50 - app_logger - INFO - get_simulation_result_tablename:108 - Generated simulation_result table name for system 'SYS_2'
2026-06-10 13:24:50 - app_logger - INFO - create_simulation_result_model:615 - Model for table 'Z_FUE_SYS_2_SIMULATION_RESULT' found in cache.
2026-06-10 13:24:51 - app_logger - INFO - get_results_by_request_id:138 - Fetching AI results for req_id='REQ100016'.
2026-06-10 13:24:51 - app_logger - INFO - get_sim_results_by_request_id:186 - Fetching sim results for req_id='REQ100016', system='SYS_2'.
2026-06-10 13:24:51 - app_logger - INFO - get_sim_results_by_request_id:199 - Found 1 sim result row(s) for req_id='REQ100016'.
2026-06-10 13:24:51 - app_logger - INFO - get_results_by_request_id:148 - Found 1 AI result row(s) for req_id='REQ100016'.
2026-06-10 13:24:54 - app_logger - INFO - get_simulation_results:753 - Fetching simulation results for system 'SYS_2'
2026-06-10 13:24:54 - app_logger - INFO - get_simulation_result_tablename:108 - Generated simulation_result table name for system 'SYS_2'
2026-06-10 13:24:54 - app_logger - INFO - create_simulation_result_model:615 - Model for table 'Z_FUE_SYS_2_SIMULATION_RESULT' found in cache.
2026-06-10 13:24:59 - app_logger - INFO - get_simulation_results:753 - Fetching simulation results for system 'SYS_2'
2026-06-10 13:24:59 - app_logger - INFO - get_simulation_result_tablename:108 - Generated simulation_result table name for system 'SYS_2'
2026-06-10 13:24:59 - app_logger - INFO - create_simulation_result_model:615 - Model for table 'Z_FUE_SYS_2_SIMULATION_RESULT' found in cache.
2026-06-10 13:25:04 - app_logger - INFO - get_simulation_results:753 - Fetching simulation results for system 'SYS_2'
2026-06-10 13:25:04 - app_logger - INFO - get_simulation_result_tablename:108 - Generated simulation_result table name for system 'SYS_2'
2026-06-10 13:25:04 - app_logger - INFO - create_simulation_result_model:615 - Model for table 'Z_FUE_SYS_2_SIMULATION_RESULT' found in cache.
2026-06-10 13:25:09 - app_logger - INFO - get_simulation_results:753 - Fetching simulation results for system 'SYS_2'
2026-06-10 13:25:09 - app_logger - INFO - get_simulation_result_tablename:108 - Generated simulation_result table name for system 'SYS_2'
2026-06-10 13:25:09 - app_logger - INFO - create_simulation_result_model:615 - Model for table 'Z_FUE_SYS_2_SIMULATION_RESULT' found in cache.
2026-06-10 13:25:16 - app_logger - INFO - get_simulation_results:753 - Fetching simulation results for system 'SYS_2'
2026-06-10 13:25:16 - app_logger - INFO - get_simulation_result_tablename:108 - Generated simulation_result table name for system 'SYS_2'
2026-06-10 13:25:16 - app_logger - INFO - create_simulation_result_model:615 - Model for table 'Z_FUE_SYS_2_SIMULATION_RESULT' found in cache.
2026-06-10 13:25:20 - app_logger - INFO - get_simulation_results:753 - Fetching simulation results for system 'SYS_2'
2026-06-10 13:25:20 - app_logger - INFO - get_simulation_result_tablename:108 - Generated simulation_result table name for system 'SYS_2'
2026-06-10 13:25:20 - app_logger - INFO - create_simulation_result_model:615 - Model for table 'Z_FUE_SYS_2_SIMULATION_RESULT' found in cache.
2026-06-10 13:25:25 - app_logger - INFO - get_simulation_results:753 - Fetching simulation results for system 'SYS_2'
2026-06-10 13:25:25 - app_logger - INFO - get_simulation_result_tablename:108 - Generated simulation_result table name for system 'SYS_2'
2026-06-10 13:25:25 - app_logger - INFO - create_simulation_result_model:615 - Model for table 'Z_FUE_SYS_2_SIMULATION_RESULT' found in cache.
2026-06-10 13:25:30 - app_logger - INFO - get_simulation_results:753 - Fetching simulation results for system 'SYS_2'
2026-06-10 13:25:30 - app_logger - INFO - get_simulation_result_tablename:108 - Generated simulation_result table name for system 'SYS_2'
2026-06-10 13:25:30 - app_logger - INFO - create_simulation_result_model:615 - Model for table 'Z_FUE_SYS_2_SIMULATION_RESULT' found in cache.
2026-06-10 13:25:35 - app_logger - INFO - get_simulation_results:753 - Fetching simulation results for system 'SYS_2'
2026-06-10 13:25:35 - app_logger - INFO - get_simulation_result_tablename:108 - Generated simulation_result table name for system 'SYS_2'
2026-06-10 13:25:35 - app_logger - INFO - create_simulation_result_model:615 - Model for table 'Z_FUE_SYS_2_SIMULATION_RESULT' found in cache.
2026-06-10 13:25:40 - app_logger - INFO - get_simulation_results:753 - Fetching simulation results for system 'SYS_2'
2026-06-10 13:25:40 - app_logger - INFO - get_simulation_result_tablename:108 - Generated simulation_result table name for system 'SYS_2'
2026-06-10 13:25:40 - app_logger - INFO - create_simulation_result_model:615 - Model for table 'Z_FUE_SYS_2_SIMULATION_RESULT' found in cache.
2026-06-10 13:25:45 - app_logger - INFO - get_simulation_results:753 - Fetching simulation results for system 'SYS_2'
2026-06-10 13:25:45 - app_logger - INFO - get_simulation_result_tablename:108 - Generated simulation_result table name for system 'SYS_2'
2026-06-10 13:25:45 - app_logger - INFO - create_simulation_result_model:615 - Model for table 'Z_FUE_SYS_2_SIMULATION_RESULT' found in cache.
2026-06-10 13:25:50 - app_logger - INFO - get_simulation_results:753 - Fetching simulation results for system 'SYS_2'
2026-06-10 13:25:50 - app_logger - INFO - get_simulation_result_tablename:108 - Generated simulation_result table name for system 'SYS_2'
2026-06-10 13:25:50 - app_logger - INFO - create_simulation_result_model:615 - Model for table 'Z_FUE_SYS_2_SIMULATION_RESULT' found in cache.
2026-06-10 13:25:55 - app_logger - INFO - get_simulation_results:753 - Fetching simulation results for system 'SYS_2'
2026-06-10 13:25:55 - app_logger - INFO - get_simulation_result_tablename:108 - Generated simulation_result table name for system 'SYS_2'
2026-06-10 13:25:55 - app_logger - INFO - create_simulation_result_model:615 - Model for table 'Z_FUE_SYS_2_SIMULATION_RESULT' found in cache.
2026-06-10 13:26:00 - app_logger - INFO - get_sim_results_by_request_id:186 - Fetching sim results for req_id='REQ100016', system='SYS_2'.
2026-06-10 13:26:00 - app_logger - INFO - get_simulation_results:753 - Fetching simulation results for system 'SYS_2'
2026-06-10 13:26:00 - app_logger - INFO - get_results_by_request_id:138 - Fetching AI results for req_id='REQ100016'.
2026-06-10 13:26:00 - app_logger - INFO - get_simulation_result_tablename:108 - Generated simulation_result table name for system 'SYS_2'
2026-06-10 13:26:00 - app_logger - INFO - create_simulation_result_model:615 - Model for table 'Z_FUE_SYS_2_SIMULATION_RESULT' found in cache.
2026-06-10 13:26:00 - app_logger - INFO - get_sim_results_by_request_id:199 - Found 1 sim result row(s) for req_id='REQ100016'.
2026-06-10 13:26:00 - app_logger - INFO - get_results_by_request_id:148 - Found 1 AI result row(s) for req_id='REQ100016'.
2026-06-10 13:26:05 - app_logger - INFO - get_simulation_results:753 - Fetching simulation results for system 'SYS_2'
2026-06-10 13:26:05 - app_logger - INFO - get_simulation_result_tablename:108 - Generated simulation_result table name for system 'SYS_2'
2026-06-10 13:26:05 - app_logger - INFO - create_simulation_result_model:615 - Model for table 'Z_FUE_SYS_2_SIMULATION_RESULT' found in cache.
2026-06-10 13:26:10 - app_logger - INFO - get_simulation_results:753 - Fetching simulation results for system 'SYS_2'
2026-06-10 13:26:10 - app_logger - INFO - get_simulation_result_tablename:108 - Generated simulation_result table name for system 'SYS_2'
2026-06-10 13:26:10 - app_logger - INFO - create_simulation_result_model:615 - Model for table 'Z_FUE_SYS_2_SIMULATION_RESULT' found in cache.
2026-06-10 13:26:15 - app_logger - INFO - get_simulation_results:753 - Fetching simulation results for system 'SYS_2'
2026-06-10 13:26:15 - app_logger - INFO - get_simulation_result_tablename:108 - Generated simulation_result table name for system 'SYS_2'
2026-06-10 13:26:15 - app_logger - INFO - create_simulation_result_model:615 - Model for table 'Z_FUE_SYS_2_SIMULATION_RESULT' found in cache.
2026-06-10 13:26:20 - app_logger - INFO - get_simulation_results:753 - Fetching simulation results for system 'SYS_2'
2026-06-10 13:26:20 - app_logger - INFO - get_simulation_result_tablename:108 - Generated simulation_result table name for system 'SYS_2'
2026-06-10 13:26:20 - app_logger - INFO - create_simulation_result_model:615 - Model for table 'Z_FUE_SYS_2_SIMULATION_RESULT' found in cache.
2026-06-10 13:26:25 - app_logger - INFO - get_simulation_results:753 - Fetching simulation results for system 'SYS_2'
2026-06-10 13:26:25 - app_logger - INFO - get_simulation_result_tablename:108 - Generated simulation_result table name for system 'SYS_2'
2026-06-10 13:26:25 - app_logger - INFO - create_simulation_result_model:615 - Model for table 'Z_FUE_SYS_2_SIMULATION_RESULT' found in cache.
2026-06-10 13:26:30 - app_logger - INFO - get_simulation_results:753 - Fetching simulation results for system 'SYS_2'
2026-06-10 13:26:30 - app_logger - INFO - get_simulation_result_tablename:108 - Generated simulation_result table name for system 'SYS_2'
2026-06-10 13:26:30 - app_logger - INFO - create_simulation_result_model:615 - Model for table 'Z_FUE_SYS_2_SIMULATION_RESULT' found in cache.
2026-06-10 13:26:35 - app_logger - INFO - get_simulation_results:753 - Fetching simulation results for system 'SYS_2'
2026-06-10 13:26:35 - app_logger - INFO - get_simulation_result_tablename:108 - Generated simulation_result table name for system 'SYS_2'
2026-06-10 13:26:35 - app_logger - INFO - create_simulation_result_model:615 - Model for table 'Z_FUE_SYS_2_SIMULATION_RESULT' found in cache.
2026-06-10 13:26:40 - app_logger - INFO - get_simulation_results:753 - Fetching simulation results for system 'SYS_2'
2026-06-10 13:26:40 - app_logger - INFO - get_simulation_result_tablename:108 - Generated simulation_result table name for system 'SYS_2'
2026-06-10 13:26:40 - app_logger - INFO - create_simulation_result_model:615 - Model for table 'Z_FUE_SYS_2_SIMULATION_RESULT' found in cache.
2026-06-10 13:26:43 - app_logger - INFO - get_sim_results_by_request_id:186 - Fetching sim results for req_id='REQ100016', system='SYS_2'.
2026-06-10 13:26:43 - app_logger - INFO - get_results_by_request_id:138 - Fetching AI results for req_id='REQ100016'.
2026-06-10 13:26:43 - app_logger - INFO - get_sim_results_by_request_id:199 - Found 1 sim result row(s) for req_id='REQ100016'.
2026-06-10 13:26:43 - app_logger - INFO - get_results_by_request_id:148 - Found 1 AI result row(s) for req_id='REQ100016'.
2026-06-10 13:26:44 - app_logger - INFO - get_simulation_results:753 - Fetching simulation results for system 'SYS_2'
2026-06-10 13:26:44 - app_logger - INFO - get_simulation_result_tablename:108 - Generated simulation_result table name for system 'SYS_2'
2026-06-10 13:26:44 - app_logger - INFO - create_simulation_result_model:615 - Model for table 'Z_FUE_SYS_2_SIMULATION_RESULT' found in cache.
2026-06-10 13:26:49 - app_logger - INFO - get_sim_results_by_request_id:186 - Fetching sim results for req_id='REQ100016', system='SYS_2'.
2026-06-10 13:26:49 - app_logger - INFO - get_results_by_request_id:138 - Fetching AI results for req_id='REQ100016'.
2026-06-10 13:26:49 - app_logger - INFO - get_sim_results_by_request_id:199 - Found 1 sim result row(s) for req_id='REQ100016'.
2026-06-10 13:26:49 - app_logger - INFO - get_results_by_request_id:148 - Found 1 AI result row(s) for req_id='REQ100016'.
2026-06-10 13:26:49 - app_logger - INFO - get_simulation_results:753 - Fetching simulation results for system 'SYS_2'
2026-06-10 13:26:49 - app_logger - INFO - get_simulation_result_tablename:108 - Generated simulation_result table name for system 'SYS_2'
2026-06-10 13:26:49 - app_logger - INFO - create_simulation_result_model:615 - Model for table 'Z_FUE_SYS_2_SIMULATION_RESULT' found in cache.
2026-06-10 13:26:56 - app_logger - INFO - get_simulation_results:753 - Fetching simulation results for system 'SYS_2'
2026-06-10 13:26:56 - app_logger - INFO - get_simulation_result_tablename:108 - Generated simulation_result table name for system 'SYS_2'
2026-06-10 13:26:56 - app_logger - INFO - create_simulation_result_model:615 - Model for table 'Z_FUE_SYS_2_SIMULATION_RESULT' found in cache.
2026-06-10 13:27:00 - app_logger - INFO - get_simulation_results:753 - Fetching simulation results for system 'SYS_2'
2026-06-10 13:27:00 - app_logger - INFO - get_simulation_result_tablename:108 - Generated simulation_result table name for system 'SYS_2'
2026-06-10 13:27:00 - app_logger - INFO - create_simulation_result_model:615 - Model for table 'Z_FUE_SYS_2_SIMULATION_RESULT' found in cache.
2026-06-10 13:27:05 - app_logger - INFO - get_simulation_results:753 - Fetching simulation results for system 'SYS_2'
2026-06-10 13:27:05 - app_logger - INFO - get_simulation_result_tablename:108 - Generated simulation_result table name for system 'SYS_2'
2026-06-10 13:27:05 - app_logger - INFO - create_simulation_result_model:615 - Model for table 'Z_FUE_SYS_2_SIMULATION_RESULT' found in cache.
2026-06-10 13:27:07 - app_logger - INFO - get_sim_results_by_request_id:186 - Fetching sim results for req_id='REQ100016', system='SYS_2'.
2026-06-10 13:27:07 - app_logger - INFO - get_results_by_request_id:138 - Fetching AI results for req_id='REQ100016'.
2026-06-10 13:27:07 - app_logger - INFO - get_sim_results_by_request_id:199 - Found 1 sim result row(s) for req_id='REQ100016'.
2026-06-10 13:27:07 - app_logger - INFO - get_results_by_request_id:148 - Found 1 AI result row(s) for req_id='REQ100016'.
2026-06-10 13:27:09 - app_logger - INFO - get_simulation_results:753 - Fetching simulation results for system 'SYS_2'
2026-06-10 13:27:09 - app_logger - INFO - get_simulation_result_tablename:108 - Generated simulation_result table name for system 'SYS_2'
2026-06-10 13:27:09 - app_logger - INFO - create_simulation_result_model:615 - Model for table 'Z_FUE_SYS_2_SIMULATION_RESULT' found in cache.
2026-06-10 13:27:14 - app_logger - INFO - get_simulation_results:753 - Fetching simulation results for system 'SYS_2'
2026-06-10 13:27:14 - app_logger - INFO - get_simulation_result_tablename:108 - Generated simulation_result table name for system 'SYS_2'
2026-06-10 13:27:14 - app_logger - INFO - create_simulation_result_model:615 - Model for table 'Z_FUE_SYS_2_SIMULATION_RESULT' found in cache.
2026-06-10 13:27:19 - app_logger - INFO - get_simulation_results:753 - Fetching simulation results for system 'SYS_2'
2026-06-10 13:27:19 - app_logger - INFO - get_simulation_result_tablename:108 - Generated simulation_result table name for system 'SYS_2'
2026-06-10 13:27:19 - app_logger - INFO - create_simulation_result_model:615 - Model for table 'Z_FUE_SYS_2_SIMULATION_RESULT' found in cache.
2026-06-10 13:27:24 - app_logger - INFO - get_simulation_results:753 - Fetching simulation results for system 'SYS_2'
2026-06-10 13:27:24 - app_logger - INFO - get_simulation_result_tablename:108 - Generated simulation_result table name for system 'SYS_2'
2026-06-10 13:27:24 - app_logger - INFO - create_simulation_result_model:615 - Model for table 'Z_FUE_SYS_2_SIMULATION_RESULT' found in cache.
2026-06-10 13:27:29 - app_logger - INFO - get_simulation_results:753 - Fetching simulation results for system 'SYS_2'
2026-06-10 13:27:29 - app_logger - INFO - get_simulation_result_tablename:108 - Generated simulation_result table name for system 'SYS_2'
2026-06-10 13:27:29 - app_logger - INFO - create_simulation_result_model:615 - Model for table 'Z_FUE_SYS_2_SIMULATION_RESULT' found in cache.
2026-06-10 13:27:35 - app_logger - INFO - get_simulation_results:753 - Fetching simulation results for system 'SYS_2'
2026-06-10 13:27:35 - app_logger - INFO - get_simulation_result_tablename:108 - Generated simulation_result table name for system 'SYS_2'
2026-06-10 13:27:35 - app_logger - INFO - create_simulation_result_model:615 - Model for table 'Z_FUE_SYS_2_SIMULATION_RESULT' found in cache.
2026-06-10 13:27:39 - app_logger - INFO - get_simulation_results:753 - Fetching simulation results for system 'SYS_2'
2026-06-10 13:27:39 - app_logger - INFO - get_simulation_result_tablename:108 - Generated simulation_result table name for system 'SYS_2'
2026-06-10 13:27:39 - app_logger - INFO - create_simulation_result_model:615 - Model for table 'Z_FUE_SYS_2_SIMULATION_RESULT' found in cache.
2026-06-10 13:27:44 - app_logger - INFO - get_simulation_results:753 - Fetching simulation results for system 'SYS_2'
2026-06-10 13:27:44 - app_logger - INFO - get_simulation_result_tablename:108 - Generated simulation_result table name for system 'SYS_2'
2026-06-10 13:27:44 - app_logger - INFO - create_simulation_result_model:615 - Model for table 'Z_FUE_SYS_2_SIMULATION_RESULT' found in cache.
2026-06-10 13:27:49 - app_logger - INFO - get_simulation_results:753 - Fetching simulation results for system 'SYS_2'
2026-06-10 13:27:49 - app_logger - INFO - get_simulation_result_tablename:108 - Generated simulation_result table name for system 'SYS_2'
2026-06-10 13:27:49 - app_logger - INFO - create_simulation_result_model:615 - Model for table 'Z_FUE_SYS_2_SIMULATION_RESULT' found in cache.
2026-06-10 13:27:54 - app_logger - INFO - get_simulation_results:753 - Fetching simulation results for system 'SYS_2'
2026-06-10 13:27:54 - app_logger - INFO - get_simulation_result_tablename:108 - Generated simulation_result table name for system 'SYS_2'
2026-06-10 13:27:54 - app_logger - INFO - create_simulation_result_model:615 - Model for table 'Z_FUE_SYS_2_SIMULATION_RESULT' found in cache.
2026-06-10 13:28:01 - app_logger - INFO - get_simulation_results:753 - Fetching simulation results for system 'SYS_2'
2026-06-10 13:28:01 - app_logger - INFO - get_simulation_result_tablename:108 - Generated simulation_result table name for system 'SYS_2'
2026-06-10 13:28:01 - app_logger - INFO - create_simulation_result_model:615 - Model for table 'Z_FUE_SYS_2_SIMULATION_RESULT' found in cache.
2026-06-10 13:28:05 - app_logger - INFO - get_simulation_results:753 - Fetching simulation results for system 'SYS_2'
2026-06-10 13:28:05 - app_logger - INFO - get_simulation_result_tablename:108 - Generated simulation_result table name for system 'SYS_2'
2026-06-10 13:28:05 - app_logger - INFO - create_simulation_result_model:615 - Model for table 'Z_FUE_SYS_2_SIMULATION_RESULT' found in cache.
2026-06-10 13:28:10 - app_logger - INFO - get_simulation_results:753 - Fetching simulation results for system 'SYS_2'
2026-06-10 13:28:10 - app_logger - INFO - get_simulation_result_tablename:108 - Generated simulation_result table name for system 'SYS_2'
2026-06-10 13:28:10 - app_logger - INFO - create_simulation_result_model:615 - Model for table 'Z_FUE_SYS_2_SIMULATION_RESULT' found in cache.
2026-06-10 13:28:15 - app_logger - INFO - get_simulation_results:753 - Fetching simulation results for system 'SYS_2'
2026-06-10 13:28:15 - app_logger - INFO - get_simulation_result_tablename:108 - Generated simulation_result table name for system 'SYS_2'
2026-06-10 13:28:15 - app_logger - INFO - create_simulation_result_model:615 - Model for table 'Z_FUE_SYS_2_SIMULATION_RESULT' found in cache.
2026-06-10 13:28:20 - app_logger - INFO - get_simulation_results:753 - Fetching simulation results for system 'SYS_2'
2026-06-10 13:28:20 - app_logger - INFO - get_simulation_result_tablename:108 - Generated simulation_result table name for system 'SYS_2'
2026-06-10 13:28:20 - app_logger - INFO - create_simulation_result_model:615 - Model for table 'Z_FUE_SYS_2_SIMULATION_RESULT' found in cache.
2026-06-10 13:28:25 - app_logger - INFO - get_simulation_results:753 - Fetching simulation results for system 'SYS_2'
2026-06-10 13:28:25 - app_logger - INFO - get_simulation_result_tablename:108 - Generated simulation_result table name for system 'SYS_2'
2026-06-10 13:28:25 - app_logger - INFO - create_simulation_result_model:615 - Model for table 'Z_FUE_SYS_2_SIMULATION_RESULT' found in cache.
2026-06-10 13:28:30 - app_logger - INFO - get_simulation_results:753 - Fetching simulation results for system 'SYS_2'
2026-06-10 13:28:30 - app_logger - INFO - get_simulation_result_tablename:108 - Generated simulation_result table name for system 'SYS_2'
2026-06-10 13:28:30 - app_logger - INFO - create_simulation_result_model:615 - Model for table 'Z_FUE_SYS_2_SIMULATION_RESULT' found in cache.
2026-06-10 13:28:35 - app_logger - INFO - get_simulation_results:753 - Fetching simulation results for system 'SYS_2'
2026-06-10 13:28:35 - app_logger - INFO - get_simulation_result_tablename:108 - Generated simulation_result table name for system 'SYS_2'
2026-06-10 13:28:35 - app_logger - INFO - create_simulation_result_model:615 - Model for table 'Z_FUE_SYS_2_SIMULATION_RESULT' found in cache.
2026-06-10 13:28:41 - app_logger - INFO - get_simulation_results:753 - Fetching simulation results for system 'SYS_2'
2026-06-10 13:28:41 - app_logger - INFO - get_simulation_result_tablename:108 - Generated simulation_result table name for system 'SYS_2'
2026-06-10 13:28:41 - app_logger - INFO - create_simulation_result_model:615 - Model for table 'Z_FUE_SYS_2_SIMULATION_RESULT' found in cache.
2026-06-10 13:28:45 - app_logger - INFO - get_simulation_results:753 - Fetching simulation results for system 'SYS_2'
2026-06-10 13:28:45 - app_logger - INFO - get_simulation_result_tablename:108 - Generated simulation_result table name for system 'SYS_2'
2026-06-10 13:28:45 - app_logger - INFO - create_simulation_result_model:615 - Model for table 'Z_FUE_SYS_2_SIMULATION_RESULT' found in cache.
2026-06-10 13:28:50 - app_logger - INFO - get_simulation_results:753 - Fetching simulation results for system 'SYS_2'
2026-06-10 13:28:50 - app_logger - INFO - get_simulation_result_tablename:108 - Generated simulation_result table name for system 'SYS_2'
2026-06-10 13:28:50 - app_logger - INFO - create_simulation_result_model:615 - Model for table 'Z_FUE_SYS_2_SIMULATION_RESULT' found in cache.
2026-06-10 13:28:55 - app_logger - INFO - get_simulation_results:753 - Fetching simulation results for system 'SYS_2'
2026-06-10 13:28:55 - app_logger - INFO - get_simulation_result_tablename:108 - Generated simulation_result table name for system 'SYS_2'
2026-06-10 13:28:55 - app_logger - INFO - create_simulation_result_model:615 - Model for table 'Z_FUE_SYS_2_SIMULATION_RESULT' found in cache.
2026-06-10 13:29:19 - app_logger - INFO - get_simulation_results:753 - Fetching simulation results for system 'SYS_2'
2026-06-10 13:29:19 - app_logger - INFO - get_simulation_result_tablename:108 - Generated simulation_result table name for system 'SYS_2'
2026-06-10 13:29:19 - app_logger - INFO - create_simulation_result_model:615 - Model for table 'Z_FUE_SYS_2_SIMULATION_RESULT' found in cache.
2026-06-10 13:30:18 - app_logger - INFO - get_simulation_results:753 - Fetching simulation results for system 'SYS_2'
2026-06-10 13:30:18 - app_logger - INFO - get_simulation_result_tablename:108 - Generated simulation_result table name for system 'SYS_2'
2026-06-10 13:30:18 - app_logger - INFO - create_simulation_result_model:615 - Model for table 'Z_FUE_SYS_2_SIMULATION_RESULT' found in cache.
2026-06-10 13:36:52 - app_logger - INFO - get_sim_results_by_request_id:186 - Fetching sim results for req_id='REQ100016', system='SYS_2'.
2026-06-10 13:36:52 - app_logger - INFO - get_results_by_request_id:138 - Fetching AI results for req_id='REQ100016'.
2026-06-10 13:36:52 - app_logger - INFO - get_sim_results_by_request_id:199 - Found 1 sim result row(s) for req_id='REQ100016'.
2026-06-10 13:36:52 - app_logger - INFO - get_results_by_request_id:148 - Found 1 AI result row(s) for req_id='REQ100016'.
2026-06-10 13:36:52 - app_logger - INFO - get_simulation_results:753 - Fetching simulation results for system 'SYS_2'
2026-06-10 13:36:52 - app_logger - INFO - get_simulation_result_tablename:108 - Generated simulation_result table name for system 'SYS_2'
2026-06-10 13:36:52 - app_logger - INFO - create_simulation_result_model:615 - Model for table 'Z_FUE_SYS_2_SIMULATION_RESULT' found in cache.
2026-06-10 13:36:53 - app_logger - INFO - get_sim_results_by_request_id:186 - Fetching sim results for req_id='REQ100016', system='SYS_2'.
2026-06-10 13:36:53 - app_logger - INFO - get_results_by_request_id:138 - Fetching AI results for req_id='REQ100016'.
2026-06-10 13:36:53 - app_logger - INFO - get_sim_results_by_request_id:199 - Found 1 sim result row(s) for req_id='REQ100016'.
2026-06-10 13:36:53 - app_logger - INFO - get_results_by_request_id:148 - Found 1 AI result row(s) for req_id='REQ100016'.
2026-06-10 13:36:55 - app_logger - INFO - get_sim_results_by_request_id:186 - Fetching sim results for req_id='REQ100016', system='SYS_2'.
2026-06-10 13:36:55 - app_logger - INFO - get_sim_results_by_request_id:199 - Found 1 sim result row(s) for req_id='REQ100016'.
2026-06-10 13:36:55 - app_logger - INFO - get_results_by_request_id:138 - Fetching AI results for req_id='REQ100016'.
2026-06-10 13:36:55 - app_logger - INFO - get_results_by_request_id:148 - Found 1 AI result row(s) for req_id='REQ100016'.
2026-06-10 13:38:07 - app_logger - INFO - get_results_by_request_id:138 - Fetching AI results for req_id='REQ100016'.
2026-06-10 13:38:07 - app_logger - INFO - get_sim_results_by_request_id:186 - Fetching sim results for req_id='REQ100016', system='SYS_2'.
2026-06-10 13:38:07 - app_logger - INFO - get_results_by_request_id:148 - Found 1 AI result row(s) for req_id='REQ100016'.
2026-06-10 13:38:07 - app_logger - INFO - get_sim_results_by_request_id:199 - Found 1 sim result row(s) for req_id='REQ100016'.
2026-06-10 13:38:08 - app_logger - INFO - get_sim_results_by_request_id:186 - Fetching sim results for req_id='REQ100016', system='SYS_2'.
2026-06-10 13:38:08 - app_logger - INFO - get_results_by_request_id:138 - Fetching AI results for req_id='REQ100016'.
2026-06-10 13:38:08 - app_logger - INFO - get_sim_results_by_request_id:199 - Found 1 sim result row(s) for req_id='REQ100016'.
2026-06-10 13:38:08 - app_logger - INFO - get_results_by_request_id:148 - Found 1 AI result row(s) for req_id='REQ100016'.
2026-06-10 13:38:10 - app_logger - INFO - get_sim_results_by_request_id:186 - Fetching sim results for req_id='REQ100016', system='SYS_2'.
2026-06-10 13:38:10 - app_logger - INFO - get_results_by_request_id:138 - Fetching AI results for req_id='REQ100016'.
2026-06-10 13:38:10 - app_logger - INFO - get_sim_results_by_request_id:199 - Found 1 sim result row(s) for req_id='REQ100016'.
2026-06-10 13:38:10 - app_logger - INFO - get_results_by_request_id:148 - Found 1 AI result row(s) for req_id='REQ100016'.
2026-06-10 13:38:55 - app_logger - INFO - get_all_requests:108 - Request received — list all optimisation requests.
2026-06-10 13:38:55 - app_logger - INFO - get_all_requests:111 - Returning 17 request(s).
2026-06-10 13:38:57 - app_logger - INFO - get_sim_results_by_request_id:186 - Fetching sim results for req_id='REQ100016', system='SYS_2'.
2026-06-10 13:38:57 - app_logger - INFO - get_results_by_request_id:138 - Fetching AI results for req_id='REQ100016'.
2026-06-10 13:38:57 - app_logger - INFO - get_sim_results_by_request_id:199 - Found 1 sim result row(s) for req_id='REQ100016'.
2026-06-10 13:38:57 - app_logger - INFO - get_results_by_request_id:148 - Found 1 AI result row(s) for req_id='REQ100016'.
2026-06-10 13:39:22 - app_logger - INFO - get_all_requests:108 - Request received — list all optimisation requests.
2026-06-10 13:39:22 - app_logger - INFO - get_all_requests:111 - Returning 17 request(s).
2026-06-10 13:39:26 - app_logger - INFO - get_sim_results_by_request_id:186 - Fetching sim results for req_id='REQ100016', system='SYS_2'.
2026-06-10 13:39:26 - app_logger - INFO - get_results_by_request_id:138 - Fetching AI results for req_id='REQ100016'.
2026-06-10 13:39:26 - app_logger - INFO - get_sim_results_by_request_id:199 - Found 1 sim result row(s) for req_id='REQ100016'.
2026-06-10 13:39:26 - app_logger - INFO - get_results_by_request_id:148 - Found 1 AI result row(s) for req_id='REQ100016'.
2026-06-10 13:39:36 - app_logger - INFO - get_all_requests:108 - Request received — list all optimisation requests.
2026-06-10 13:39:36 - app_logger - INFO - get_all_requests:111 - Returning 17 request(s).
2026-06-10 13:39:46 - app_logger - INFO - get_sim_results_by_request_id:186 - Fetching sim results for req_id='REQ100016', system='SYS_2'.
2026-06-10 13:39:46 - app_logger - INFO - get_results_by_request_id:138 - Fetching AI results for req_id='REQ100016'.
2026-06-10 13:39:46 - app_logger - INFO - get_sim_results_by_request_id:199 - Found 1 sim result row(s) for req_id='REQ100016'.
2026-06-10 13:39:46 - app_logger - INFO - get_results_by_request_id:148 - Found 1 AI result row(s) for req_id='REQ100016'.
2026-06-10 13:40:11 - app_logger - INFO - get_all_requests:108 - Request received — list all optimisation requests.
2026-06-10 13:40:11 - app_logger - INFO - get_all_requests:111 - Returning 17 request(s).
2026-06-10 13:40:13 - app_logger - INFO - get_sim_results_by_request_id:186 - Fetching sim results for req_id='REQ100016', system='SYS_2'.
2026-06-10 13:40:13 - app_logger - INFO - get_sim_results_by_request_id:199 - Found 1 sim result row(s) for req_id='REQ100016'.
2026-06-10 13:40:13 - app_logger - INFO - get_results_by_request_id:138 - Fetching AI results for req_id='REQ100016'.
2026-06-10 13:40:13 - app_logger - INFO - get_results_by_request_id:148 - Found 1 AI result row(s) for req_id='REQ100016'.
2026-06-10 13:40:54 - app_logger - INFO - get_sim_results_by_request_id:186 - Fetching sim results for req_id='REQ100016', system='SYS_2'.
2026-06-10 13:40:54 - app_logger - INFO - get_results_by_request_id:138 - Fetching AI results for req_id='REQ100016'.
2026-06-10 13:40:54 - app_logger - INFO - get_sim_results_by_request_id:199 - Found 1 sim result row(s) for req_id='REQ100016'.
2026-06-10 13:40:54 - app_logger - INFO - get_results_by_request_id:148 - Found 1 AI result row(s) for req_id='REQ100016'.
2026-06-10 13:41:02 - app_logger - INFO - get_all_requests:108 - Request received — list all optimisation requests.
2026-06-10 13:41:02 - app_logger - INFO - get_all_requests:111 - Returning 17 request(s).
2026-06-10 13:41:06 - app_logger - INFO - get_all_requests:108 - Request received — list all optimisation requests.
2026-06-10 13:41:06 - app_logger - INFO - get_all_requests:111 - Returning 17 request(s).
2026-06-10 13:41:21 - app_logger - INFO - get_all_requests:108 - Request received — list all optimisation requests.
2026-06-10 13:41:21 - app_logger - INFO - get_all_requests:111 - Returning 17 request(s).
2026-06-10 13:41:36 - app_logger - INFO - get_all_requests:108 - Request received — list all optimisation requests.
2026-06-10 13:41:36 - app_logger - INFO - get_all_requests:111 - Returning 17 request(s).
2026-06-10 13:42:21 - app_logger - INFO - get_all_requests:108 - Request received — list all optimisation requests.
2026-06-10 13:42:21 - app_logger - INFO - get_all_requests:111 - Returning 17 request(s).
2026-06-10 13:42:24 - app_logger - INFO - get_all_requests:108 - Request received — list all optimisation requests.
2026-06-10 13:42:24 - app_logger - INFO - get_all_requests:111 - Returning 17 request(s).
2026-06-10 13:45:51 - app_logger - INFO - get_fue_dashboard:1121 - [Stage 6] Fetching FUE Dashboard for SYS_2
2026-06-10 13:45:51 - app_logger - INFO - get_user_role_summary_tablename:96 - Generated user-role summary license table name for system 'SYS_2'
2026-06-10 13:45:51 - app_logger - INFO - create_user_lic_summary_model:577 - Model for table 'Z_FUE_SYS_2_USER_LICENSE_SUMMARY' not in cache. Creating a new dynamic model.
2026-06-10 13:45:51 - app_logger - INFO - create_user_lic_summary_model:586 - Successfully created dynamic model for table 'Z_FUE_SYS_2_USER_LICENSE_SUMMARY'
2026-06-10 13:45:51 - app_logger - INFO - get_role_lice_data_summary_tablename:86 - Generated role license summary info table name for system 'SYS_2'
2026-06-10 13:45:51 - app_logger - INFO - create_role_lic_summary_model:533 - Model for table 'Z_FUE_SYS_2_ROLE_LICENSE_SUMMARY' not in cache. Creating a new dynamic model.
2026-06-10 13:45:51 - app_logger - INFO - create_role_lic_summary_model:542 - Successfully created dynamic model for table 'Z_FUE_SYS_2_ROLE_LICENSE_SUMMARY'
2026-06-10 13:46:03 - app_logger - INFO - get_all_requests:108 - Request received — list all optimisation requests.
2026-06-10 13:46:03 - app_logger - INFO - get_all_requests:111 - Returning 17 request(s).
2026-06-10 13:46:58 - app_logger - INFO - get_sim_results_by_request_id:186 - Fetching sim results for req_id='REQ100016', system='SYS_2'.
2026-06-10 13:46:58 - app_logger - INFO - get_results_by_request_id:138 - Fetching AI results for req_id='REQ100016'.
2026-06-10 13:46:58 - app_logger - INFO - get_sim_results_by_request_id:199 - Found 1 sim result row(s) for req_id='REQ100016'.
2026-06-10 13:46:58 - app_logger - INFO - get_results_by_request_id:148 - Found 1 AI result row(s) for req_id='REQ100016'.
2026-06-10 13:47:05 - app_logger - INFO - get_all_requests:108 - Request received — list all optimisation requests.
2026-06-10 13:47:05 - app_logger - INFO - get_all_requests:111 - Returning 17 request(s).
2026-06-10 13:47:18 - app_logger - INFO - get_all_requests:108 - Request received — list all optimisation requests.
2026-06-10 13:47:18 - app_logger - INFO - get_all_requests:111 - Returning 17 request(s).
2026-06-10 13:47:30 - app_logger - INFO - get_sim_results_by_request_id:186 - Fetching sim results for req_id='REQ100016', system='SYS_2'.
2026-06-10 13:47:30 - app_logger - INFO - get_results_by_request_id:138 - Fetching AI results for req_id='REQ100016'.
2026-06-10 13:47:30 - app_logger - INFO - get_sim_results_by_request_id:199 - Found 1 sim result row(s) for req_id='REQ100016'.
2026-06-10 13:47:30 - app_logger - INFO - get_results_by_request_id:148 - Found 1 AI result row(s) for req_id='REQ100016'.
2026-06-10 13:52:14 - app_logger - INFO - get_sim_results_by_request_id:186 - Fetching sim results for req_id='REQ100016', system='SYS_2'.
2026-06-10 13:52:14 - app_logger - INFO - create_opt_sim_result_model:112 - Creating OptSimResult model for 'Z_FUE_SYS_2_OPT_SIM_RESULT'.
2026-06-10 13:52:14 - app_logger - INFO - get_results_by_request_id:138 - Fetching AI results for req_id='REQ100016'.
2026-06-10 13:52:14 - app_logger - INFO - get_sim_results_by_request_id:199 - Found 1 sim result row(s) for req_id='REQ100016'.
2026-06-10 13:52:14 - app_logger - INFO - get_results_by_request_id:148 - Found 1 AI result row(s) for req_id='REQ100016'.
2026-06-10 13:52:17 - app_logger - INFO - get_logs:62 - Received request to get logs. Filename provided: None
2026-06-10 13:52:17 - app_logger - INFO - get_logs:159 - Returning details for 12 log files.
2026-06-10 13:52:17 - app_logger - INFO - get_logs:62 - Received request to get logs. Filename provided: None
2026-06-10 13:52:17 - app_logger - INFO - get_logs:159 - Returning details for 12 log files.
2026-06-10 13:52:20 - app_logger - INFO - get_logs:62 - Received request to get logs. Filename provided: None
2026-06-10 13:52:20 - app_logger - INFO - get_logs:159 - Returning details for 12 log files.
2026-06-10 13:52:20 - app_logger - INFO - get_all_requests:108 - Request received — list all optimisation requests.
2026-06-10 13:52:20 - app_logger - INFO - get_all_requests:111 - Returning 17 request(s).
2026-06-10 13:52:22 - fue_calculation_logger - INFO - get_role_details:36 - Fetching role details for system: 'SYS_2'
2026-06-10 13:52:22 - app_logger - INFO - get_role_lice_data_summary_tablename:86 - Generated role license summary info table name for system 'SYS_2'
2026-06-10 13:52:22 - app_logger - INFO - get_agr_users_tablename:34 - Generated user role mapping agr_users table name for system 'SYS_2'
2026-06-10 13:52:23 - fue_calculation_logger - INFO - get_role_details:77 - Successfully fetched 2681 roles for system 'SYS_2'.
2026-06-10 13:52:23 - app_logger - INFO - get_license_types_endpoint:244 - License-types requested for system='SYS_2'.
2026-06-10 13:52:23 - app_logger - INFO - get_role_lice_data_summary_tablename:86 - Generated role license summary info table name for system 'SYS_2'
2026-06-10 13:52:23 - app_logger - INFO - create_role_lic_summary_model:533 - Model for table 'Z_FUE_SYS_2_ROLE_LICENSE_SUMMARY' not in cache. Creating a new dynamic model.
2026-06-10 13:52:23 - app_logger - INFO - create_role_lic_summary_model:542 - Successfully created dynamic model for table 'Z_FUE_SYS_2_ROLE_LICENSE_SUMMARY'
2026-06-10 13:52:23 - app_logger - INFO - get_license_types_endpoint:249 - Returning 4 license type(s) for system='SYS_2'.
2026-06-10 13:52:34 - app_logger - INFO - get_sim_results_by_request_id:186 - Fetching sim results for req_id='REQ100016', system='SYS_2'.
2026-06-10 13:52:34 - app_logger - INFO - get_results_by_request_id:138 - Fetching AI results for req_id='REQ100016'.
2026-06-10 13:52:34 - app_logger - INFO - get_sim_results_by_request_id:199 - Found 1 sim result row(s) for req_id='REQ100016'.
2026-06-10 13:52:34 - app_logger - INFO - get_results_by_request_id:148 - Found 1 AI result row(s) for req_id='REQ100016'.
2026-06-10 13:52:39 - app_logger - INFO - get_all_requests:108 - Request received — list all optimisation requests.
2026-06-10 13:52:39 - app_logger - INFO - get_all_requests:111 - Returning 17 request(s).
2026-06-10 13:52:53 - app_logger - INFO - optimize_license_endpoint:65 - Optimisation request received — system='SYS_2', target_license='GB Advanced Use', roles=['Z:FI:FDBD:MD']
2026-06-10 13:52:53 - app_logger - INFO - create_optimization_request_immediately:343 - Creating optimisation request for system='SYS_2'.
2026-06-10 13:52:53 - app_logger - INFO - create_optimization_request_immediately:364 - Request record 'REQ100017' committed.
2026-06-10 13:52:53 - app_logger - INFO - optimize_license_endpoint:75 - Request 'REQ100017' created — queuing background task.
2026-06-10 13:52:53 - app_logger - INFO - process_optimization_in_background:382 - [REQ100017] Background optimisation started.
2026-06-10 13:52:53 - app_logger - INFO - run_optimization_processing:420 - [REQ100017] run_optimization_processing() — system=SYS_2, target_license=GB Advanced Use, roles=['Z:FI:FDBD:MD']
2026-06-10 13:52:53 - app_logger - INFO - get_role_lice_data_tablename:81 - Generated role object license info table name for system 'SYS_2'
2026-06-10 13:52:53 - app_logger - INFO - create_role_lic_model:512 - Model for table 'Z_FUE_SYS_2_ROLE_OBJ_LICENSE_INFO' not in cache. Creating a new dynamic model.
2026-06-10 13:52:53 - app_logger - INFO - create_role_lic_model:521 - Successfully created dynamic model for table 'Z_FUE_SYS_2_ROLE_OBJ_LICENSE_INFO'
2026-06-10 13:52:53 - app_logger - INFO - get_role_lice_data_summary_tablename:86 - Generated role license summary info table name for system 'SYS_2'
2026-06-10 13:52:53 - app_logger - INFO - create_role_lic_summary_model:531 - Model for table 'Z_FUE_SYS_2_ROLE_LICENSE_SUMMARY' found in cache. Returning cached model.
2026-06-10 13:52:53 - app_logger - INFO - get_agr_1251_tablename:29 - Generated role auth table agr_1251_name for system 'SYS_2'
2026-06-10 13:52:53 - app_logger - INFO - create_AGR1251_model:335 - Model for table 'Z_FUE_SYS_2_ROLE_AUTH_INFO' not in cache. Creating a new dynamic model.
2026-06-10 13:52:53 - app_logger - INFO - create_AGR1251_model:342 - Successfully created dynamic model for table 'Z_FUE_SYS_2_ROLE_AUTH_INFO'
2026-06-10 13:52:53 - app_logger - INFO - get_agr_users_tablename:34 - Generated user role mapping agr_users table name for system 'SYS_2'
2026-06-10 13:52:53 - app_logger - INFO - create_AGRUSERS_model:352 - Model for table 'Z_FUE_SYS_2_USER_ROLE_MAPPING' not in cache. Creating a new dynamic model.
2026-06-10 13:52:53 - app_logger - INFO - create_AGRUSERS_model:359 - Successfully created dynamic model for table 'Z_FUE_SYS_2_USER_ROLE_MAPPING'
2026-06-10 13:52:53 - app_logger - INFO - get_agr_define_tablename:39 - Generated parent child role mapping table name for system 'SYS_2'
2026-06-10 13:52:53 - app_logger - INFO - create_AGRDEFINE_model:370 - Model for table 'Z_FUE_SYS_2_PARENT_CHILD_ROLE_MAPPING' not in cache. Creating a new dynamic model.
2026-06-10 13:52:53 - app_logger - INFO - create_AGRDEFINE_model:377 - Successfully created dynamic model for table 'Z_FUE_SYS_2_PARENT_CHILD_ROLE_MAPPING'
2026-06-10 13:52:53 - app_logger - INFO - get_flpca_data_tablename:60 - Generated flpca table name for system 'SYS_2'
2026-06-10 13:52:53 - app_logger - INFO - create_FLPCA_model:456 - Model for table 'Z_FUE_SYS_2_FIORI DATA' not in cache. Creating a new dynamic model.
2026-06-10 13:52:53 - app_logger - INFO - create_FLPCA_model:463 - Successfully created dynamic model for table 'Z_FUE_SYS_2_FIORI DATA'
2026-06-10 13:52:53 - app_logger - INFO - run_optimization_processing:468 - [REQ100017] RoleLic rows fetched: 2
2026-06-10 13:52:53 - app_logger - INFO - run_optimization_processing:479 - [REQ100017] Distinct roles to analyse: ['Z:FI:FDBD:MD']
2026-06-10 13:52:53 - app_logger - INFO - get_all_requests:108 - Request received — list all optimisation requests.
2026-06-10 13:52:53 - app_logger - INFO - get_all_requests:111 - Returning 18 request(s).
2026-06-10 13:52:53 - app_logger - INFO - run_optimization_processing:506 - [REQ100017] Role 'Z:FI:FDBD:MD' has 0 tcodes
2026-06-10 13:52:53 - app_logger - INFO - get_agr_1251_tablename:29 - Generated role auth table agr_1251_name for system 'SYS_2'
2026-06-10 13:52:53 - app_logger - INFO - create_AGR1251_model:333 - Model for table 'Z_FUE_SYS_2_ROLE_AUTH_INFO' found in cache. Returning cached model.
2026-06-10 13:52:53 - app_logger - INFO - get_usobxC_data_tablename:70 - Generated tcode text data name for system 'SYS_2'
2026-06-10 13:52:53 - app_logger - INFO - create_USOBXC_model:473 - Model for table 'Z_FUE_SYS_2_USOBX_C DATA' not in cache. Creating a new dynamic model.
2026-06-10 13:52:53 - app_logger - INFO - create_USOBXC_model:480 - Successfully created dynamic model for table 'Z_FUE_SYS_2_USOBX_C DATA'
2026-06-10 13:52:53 - app_logger - INFO - get_obj_text_data_tablename:76 - Generated tcode text data name for system 'SYS_2'
2026-06-10 13:52:53 - app_logger - INFO - create_TOBJL_model:491 - Model for table 'Z_FUE_SYS_2_OBJ_TEXT DATA' not in cache. Creating a new dynamic model.
2026-06-10 13:52:53 - app_logger - INFO - create_TOBJL_model:498 - Successfully created dynamic model for table 'Z_FUE_SYS_2_OBJ_TEXT DATA'
2026-06-10 13:52:53 - app_logger - INFO - get_role_lice_data_tablename:81 - Generated role object license info table name for system 'SYS_2'
2026-06-10 13:52:53 - app_logger - INFO - create_role_lic_model:510 - Model for table 'Z_FUE_SYS_2_ROLE_OBJ_LICENSE_INFO' found in cache. Returning cached model.
2026-06-10 13:52:53 - app_logger - INFO - run_optimization_processing:544 - [REQ100017] Roles packaged for AI: 1
2026-06-10 13:52:53 - app_logger - INFO - run_optimization_processing:586 - [REQ100017] Sending prompt to AI (length=1920).
2026-06-10 13:52:53 - app_logger - INFO - _write_prompt_debug_file:331 - [REQ100017] Full prompt written to: output/prompts/SYS_2-REQ100017-20260610-135253-prompt.txt
2026-06-10 13:52:53 - app_logger - INFO - call_ai_api:47 - Initiating AI call with prompt (first 100 chars): 'You are an SAP FUE licence optimisation expert.

The 1 role(s) below are currently classified as "GB...'
2026-06-10 13:52:53 - app_logger - INFO - call_ai_api:53 - Using AI Model: anthropic/claude-opus-4-20250514 (max_tokens=4096, temperature=0.7)
2026-06-10 13:52:56 - app_logger - INFO - get_all_requests:108 - Request received — list all optimisation requests.
2026-06-10 13:52:56 - app_logger - INFO - get_all_requests:111 - Returning 18 request(s).
2026-06-10 13:53:03 - app_logger - INFO - call_claude_api:141 - Successfully received response from Claude API. Response length: 918
2026-06-10 13:53:03 - app_logger - INFO - run_optimization_processing:614 - [REQ100017] AI returned 1 role block(s).
2026-06-10 13:53:03 - app_logger - INFO - run_optimization_processing:618 - [REQ100017]   → role='Z:FI:FDBD:MD' objects=1
2026-06-10 13:53:03 - app_logger - INFO - run_optimization_processing:657 - [REQ100017] Role 'Z:FI:FDBD:MD' → REDUCIBLE → 'GC Core Use'
2026-06-10 13:53:03 - app_logger - INFO - run_optimization_processing:685 - [REQ100017] Saved 1 objects for role 'Z:FI:FDBD:MD'
2026-06-10 13:53:03 - app_logger - INFO - run_optimization_processing:730 - [REQ100017] LicenseOptimizationResult committed. Reducible roles: ['Z:FI:FDBD:MD']
2026-06-10 13:53:03 - app_logger - INFO - simulate_system_fue:772 - [REQ100017] simulate_system_fue() — 1 reducible role(s): ['Z:FI:FDBD:MD']
2026-06-10 13:53:03 - app_logger - INFO - get_user_role_summary_tablename:96 - Generated user-role summary license table name for system 'SYS_2'
2026-06-10 13:53:03 - app_logger - INFO - create_user_lic_summary_model:577 - Model for table 'Z_FUE_SYS_2_USER_LICENSE_SUMMARY' not in cache. Creating a new dynamic model.
2026-06-10 13:53:03 - app_logger - INFO - create_user_lic_summary_model:586 - Successfully created dynamic model for table 'Z_FUE_SYS_2_USER_LICENSE_SUMMARY'
2026-06-10 13:53:04 - app_logger - INFO - simulate_system_fue:788 - [REQ100017] UserLicSummary rows loaded: 3499
2026-06-10 13:53:04 - app_logger - INFO - get_user_role_data_tablename:91 - Generated user-role license info table name for system 'SYS_2'
2026-06-10 13:53:04 - app_logger - INFO - create_user_lic_model:555 - Model for table 'Z_FUE_SYS_2_USER_ROLE_LICENSE_INFO' not in cache. Creating a new dynamic model.
2026-06-10 13:53:04 - app_logger - INFO - create_user_lic_model:564 - Successfully created dynamic model for table 'Z_FUE_SYS_2_USER_ROLE_LICENSE_INFO'
2026-06-10 13:53:04 - app_logger - INFO - simulate_system_fue:811 - [REQ100017] UserRoleLlic rows loaded: 68634
2026-06-10 13:53:04 - app_logger - INFO - simulate_system_fue:853 - [REQ100017] Users with at least one reducible role: 6
2026-06-10 13:53:04 - app_logger - INFO - simulate_system_fue:892 - [REQ100017] AFTER licenses computed for 3499 users
2026-06-10 13:53:04 - app_logger - INFO - simulate_system_fue:916 - [REQ100017] BEFORE → GB=390 GC=1018 GD=653 NC=1438 FUE=616
2026-06-10 13:53:04 - app_logger - INFO - simulate_system_fue:917 - [REQ100017] AFTER  → GB=390 GC=1018 GD=653 NC=1438 FUE=616
2026-06-10 13:53:04 - app_logger - INFO - simulate_system_fue:918 - [REQ100017] FUE saved=0, Users impacted=0
2026-06-10 13:53:04 - app_logger - INFO - simulate_system_fue:940 - [REQ100017] OptSimResult committed.
2026-06-10 13:53:04 - app_logger - INFO - _write_output_file:984 - Output snapshot → output/SYS_2-REQ100017-20260610-135304.json
2026-06-10 13:53:04 - app_logger - INFO - run_optimization_processing:747 - [REQ100017] run_optimization_processing() complete.
2026-06-10 13:53:04 - app_logger - INFO - process_optimization_in_background:393 - [REQ100017] Processing finished → STATUS=COMPLETED
2026-06-10 13:53:11 - app_logger - INFO - get_all_requests:108 - Request received — list all optimisation requests.
2026-06-10 13:53:11 - app_logger - INFO - get_all_requests:111 - Returning 18 request(s).
2026-06-10 13:53:13 - app_logger - INFO - get_sim_results_by_request_id:186 - Fetching sim results for req_id='REQ100017', system='SYS_2'.
2026-06-10 13:53:13 - app_logger - INFO - get_results_by_request_id:138 - Fetching AI results for req_id='REQ100017'.
2026-06-10 13:53:13 - app_logger - INFO - get_sim_results_by_request_id:199 - Found 1 sim result row(s) for req_id='REQ100017'.
2026-06-10 13:53:13 - app_logger - INFO - get_results_by_request_id:148 - Found 1 AI result row(s) for req_id='REQ100017'.
2026-06-10 13:55:19 - app_logger - INFO - get_sim_results_by_request_id:186 - Fetching sim results for req_id='REQ100017', system='SYS_2'.
2026-06-10 13:55:19 - app_logger - INFO - get_results_by_request_id:138 - Fetching AI results for req_id='REQ100017'.
2026-06-10 13:55:19 - app_logger - INFO - get_sim_results_by_request_id:199 - Found 1 sim result row(s) for req_id='REQ100017'.
2026-06-10 13:55:19 - app_logger - INFO - get_results_by_request_id:148 - Found 1 AI result row(s) for req_id='REQ100017'.
2026-06-10 13:57:47 - app_logger - INFO - get_results_by_request_id:138 - Fetching AI results for req_id='REQ100017'.
2026-06-10 13:57:47 - app_logger - INFO - get_sim_results_by_request_id:186 - Fetching sim results for req_id='REQ100017', system='SYS_2'.
2026-06-10 13:57:47 - app_logger - INFO - get_results_by_request_id:148 - Found 1 AI result row(s) for req_id='REQ100017'.
2026-06-10 13:57:47 - app_logger - INFO - get_sim_results_by_request_id:199 - Found 1 sim result row(s) for req_id='REQ100017'.
2026-06-10 13:57:54 - app_logger - INFO - get_fue_dashboard:1121 - [Stage 6] Fetching FUE Dashboard for SYS_2
2026-06-10 13:57:54 - app_logger - INFO - get_user_role_summary_tablename:96 - Generated user-role summary license table name for system 'SYS_2'
2026-06-10 13:57:54 - app_logger - INFO - create_user_lic_summary_model:575 - Model for table 'Z_FUE_SYS_2_USER_LICENSE_SUMMARY' found in cache. Returning cached model.
2026-06-10 13:57:54 - app_logger - INFO - get_role_lice_data_summary_tablename:86 - Generated role license summary info table name for system 'SYS_2'
2026-06-10 13:57:54 - app_logger - INFO - create_role_lic_summary_model:531 - Model for table 'Z_FUE_SYS_2_ROLE_LICENSE_SUMMARY' found in cache. Returning cached model.
2026-06-10 13:57:54 - app_logger - INFO - get_simulation_results:753 - Fetching simulation results for system 'SYS_2'
2026-06-10 13:57:54 - app_logger - INFO - get_simulation_result_tablename:108 - Generated simulation_result table name for system 'SYS_2'
2026-06-10 13:57:54 - app_logger - INFO - create_simulation_result_model:618 - Creating new dynamic SimulationResult model for table 'Z_FUE_SYS_2_SIMULATION_RESULT'
2026-06-10 13:57:54 - app_logger - INFO - create_simulation_result_model:627 - Successfully created dynamic SimulationResult model for table 'Z_FUE_SYS_2_SIMULATION_RESULT'
2026-06-10 13:59:54 - app_logger - INFO - get_all_requests:108 - Request received — list all optimisation requests.
2026-06-10 13:59:54 - app_logger - INFO - get_all_requests:111 - Returning 18 request(s).
2026-06-10 13:59:56 - app_logger - INFO - get_sim_results_by_request_id:186 - Fetching sim results for req_id='REQ100017', system='SYS_2'.
2026-06-10 13:59:56 - app_logger - INFO - get_results_by_request_id:138 - Fetching AI results for req_id='REQ100017'.
2026-06-10 13:59:56 - app_logger - INFO - get_sim_results_by_request_id:199 - Found 1 sim result row(s) for req_id='REQ100017'.
2026-06-10 13:59:56 - app_logger - INFO - get_results_by_request_id:148 - Found 1 AI result row(s) for req_id='REQ100017'.
2026-06-10 14:01:51 - app_logger - INFO - get_sim_results_by_request_id:186 - Fetching sim results for req_id='REQ100017', system='SYS_2'.
2026-06-10 14:01:51 - app_logger - INFO - get_results_by_request_id:138 - Fetching AI results for req_id='REQ100017'.
2026-06-10 14:01:51 - app_logger - INFO - get_results_by_request_id:148 - Found 1 AI result row(s) for req_id='REQ100017'.
2026-06-10 14:01:51 - app_logger - INFO - get_sim_results_by_request_id:199 - Found 1 sim result row(s) for req_id='REQ100017'.
2026-06-10 14:01:54 - app_logger - INFO - get_fue_dashboard:1121 - [Stage 6] Fetching FUE Dashboard for SYS_2
2026-06-10 14:01:54 - app_logger - INFO - get_user_role_summary_tablename:96 - Generated user-role summary license table name for system 'SYS_2'
2026-06-10 14:01:54 - app_logger - INFO - create_user_lic_summary_model:575 - Model for table 'Z_FUE_SYS_2_USER_LICENSE_SUMMARY' found in cache. Returning cached model.
2026-06-10 14:01:54 - app_logger - INFO - get_role_lice_data_summary_tablename:86 - Generated role license summary info table name for system 'SYS_2'
2026-06-10 14:01:54 - app_logger - INFO - create_role_lic_summary_model:531 - Model for table 'Z_FUE_SYS_2_ROLE_LICENSE_SUMMARY' found in cache. Returning cached model.
2026-06-10 14:01:55 - app_logger - INFO - get_simulation_results:753 - Fetching simulation results for system 'SYS_2'
2026-06-10 14:01:55 - app_logger - INFO - get_simulation_result_tablename:108 - Generated simulation_result table name for system 'SYS_2'
2026-06-10 14:01:55 - app_logger - INFO - create_simulation_result_model:615 - Model for table 'Z_FUE_SYS_2_SIMULATION_RESULT' found in cache.
2026-06-10 14:01:57 - app_logger - INFO - get_fue_dashboard:1121 - [Stage 6] Fetching FUE Dashboard for SYS_2
2026-06-10 14:01:57 - app_logger - INFO - get_user_role_summary_tablename:96 - Generated user-role summary license table name for system 'SYS_2'
2026-06-10 14:01:57 - app_logger - INFO - create_user_lic_summary_model:575 - Model for table 'Z_FUE_SYS_2_USER_LICENSE_SUMMARY' found in cache. Returning cached model.
2026-06-10 14:01:57 - app_logger - INFO - get_role_lice_data_summary_tablename:86 - Generated role license summary info table name for system 'SYS_2'
2026-06-10 14:01:57 - app_logger - INFO - create_role_lic_summary_model:531 - Model for table 'Z_FUE_SYS_2_ROLE_LICENSE_SUMMARY' found in cache. Returning cached model.
2026-06-10 14:01:57 - app_logger - INFO - get_simulation_results:753 - Fetching simulation results for system 'SYS_2'
2026-06-10 14:01:57 - app_logger - INFO - get_simulation_result_tablename:108 - Generated simulation_result table name for system 'SYS_2'
2026-06-10 14:01:57 - app_logger - INFO - create_simulation_result_model:615 - Model for table 'Z_FUE_SYS_2_SIMULATION_RESULT' found in cache.
2026-06-10 14:01:57 - app_logger - INFO - get_fue_dashboard:1121 - [Stage 6] Fetching FUE Dashboard for SYS_2
2026-06-10 14:01:57 - app_logger - INFO - get_user_role_summary_tablename:96 - Generated user-role summary license table name for system 'SYS_2'
2026-06-10 14:01:57 - app_logger - INFO - create_user_lic_summary_model:575 - Model for table 'Z_FUE_SYS_2_USER_LICENSE_SUMMARY' found in cache. Returning cached model.
2026-06-10 14:01:57 - app_logger - INFO - get_role_lice_data_summary_tablename:86 - Generated role license summary info table name for system 'SYS_2'
2026-06-10 14:01:57 - app_logger - INFO - create_role_lic_summary_model:531 - Model for table 'Z_FUE_SYS_2_ROLE_LICENSE_SUMMARY' found in cache. Returning cached model.
2026-06-10 14:01:57 - app_logger - INFO - get_simulation_results:753 - Fetching simulation results for system 'SYS_2'
2026-06-10 14:01:57 - app_logger - INFO - get_simulation_result_tablename:108 - Generated simulation_result table name for system 'SYS_2'
2026-06-10 14:01:57 - app_logger - INFO - create_simulation_result_model:615 - Model for table 'Z_FUE_SYS_2_SIMULATION_RESULT' found in cache.
2026-06-10 14:02:15 - app_logger - INFO - get_fue_dashboard:1121 - [Stage 6] Fetching FUE Dashboard for SYS_2
2026-06-10 14:02:15 - app_logger - INFO - get_user_role_summary_tablename:96 - Generated user-role summary license table name for system 'SYS_2'
2026-06-10 14:02:15 - app_logger - INFO - create_user_lic_summary_model:575 - Model for table 'Z_FUE_SYS_2_USER_LICENSE_SUMMARY' found in cache. Returning cached model.
2026-06-10 14:02:15 - app_logger - INFO - get_role_lice_data_summary_tablename:86 - Generated role license summary info table name for system 'SYS_2'
2026-06-10 14:02:15 - app_logger - INFO - create_role_lic_summary_model:531 - Model for table 'Z_FUE_SYS_2_ROLE_LICENSE_SUMMARY' found in cache. Returning cached model.
2026-06-10 14:02:15 - app_logger - INFO - get_simulation_results:753 - Fetching simulation results for system 'SYS_2'
2026-06-10 14:02:15 - app_logger - INFO - get_simulation_result_tablename:108 - Generated simulation_result table name for system 'SYS_2'
2026-06-10 14:02:15 - app_logger - INFO - create_simulation_result_model:615 - Model for table 'Z_FUE_SYS_2_SIMULATION_RESULT' found in cache.
2026-06-10 14:02:18 - app_logger - INFO - get_simulation_results:753 - Fetching simulation results for system 'SYS_2'
2026-06-10 14:02:18 - app_logger - INFO - get_simulation_result_tablename:108 - Generated simulation_result table name for system 'SYS_2'
2026-06-10 14:02:18 - app_logger - INFO - create_simulation_result_model:615 - Model for table 'Z_FUE_SYS_2_SIMULATION_RESULT' found in cache.
2026-06-10 14:02:18 - app_logger - INFO - get_fue_dashboard:1121 - [Stage 6] Fetching FUE Dashboard for SYS_2
2026-06-10 14:02:18 - app_logger - INFO - get_user_role_summary_tablename:96 - Generated user-role summary license table name for system 'SYS_2'
2026-06-10 14:02:18 - app_logger - INFO - create_user_lic_summary_model:575 - Model for table 'Z_FUE_SYS_2_USER_LICENSE_SUMMARY' found in cache. Returning cached model.
2026-06-10 14:02:18 - app_logger - INFO - get_role_lice_data_summary_tablename:86 - Generated role license summary info table name for system 'SYS_2'
2026-06-10 14:02:18 - app_logger - INFO - create_role_lic_summary_model:531 - Model for table 'Z_FUE_SYS_2_ROLE_LICENSE_SUMMARY' found in cache. Returning cached model.
2026-06-10 14:02:18 - app_logger - INFO - get_fue_dashboard:1121 - [Stage 6] Fetching FUE Dashboard for SYS_2
2026-06-10 14:02:18 - app_logger - INFO - get_user_role_summary_tablename:96 - Generated user-role summary license table name for system 'SYS_2'
2026-06-10 14:02:18 - app_logger - INFO - create_user_lic_summary_model:575 - Model for table 'Z_FUE_SYS_2_USER_LICENSE_SUMMARY' found in cache. Returning cached model.
2026-06-10 14:02:18 - app_logger - INFO - get_role_lice_data_summary_tablename:86 - Generated role license summary info table name for system 'SYS_2'
2026-06-10 14:02:18 - app_logger - INFO - create_role_lic_summary_model:531 - Model for table 'Z_FUE_SYS_2_ROLE_LICENSE_SUMMARY' found in cache. Returning cached model.
2026-06-10 14:02:18 - app_logger - INFO - get_simulation_results:753 - Fetching simulation results for system 'SYS_2'
2026-06-10 14:02:18 - app_logger - INFO - get_simulation_result_tablename:108 - Generated simulation_result table name for system 'SYS_2'
2026-06-10 14:02:18 - app_logger - INFO - create_simulation_result_model:615 - Model for table 'Z_FUE_SYS_2_SIMULATION_RESULT' found in cache.
2026-06-10 14:04:40 - app_logger - INFO - get_all_requests:108 - Request received — list all optimisation requests.
2026-06-10 14:04:40 - app_logger - INFO - get_all_requests:111 - Returning 18 request(s).
2026-06-10 14:04:42 - app_logger - INFO - get_sim_results_by_request_id:186 - Fetching sim results for req_id='REQ100017', system='SYS_2'.
2026-06-10 14:04:42 - app_logger - INFO - get_results_by_request_id:138 - Fetching AI results for req_id='REQ100017'.
2026-06-10 14:04:42 - app_logger - INFO - get_sim_results_by_request_id:199 - Found 1 sim result row(s) for req_id='REQ100017'.
2026-06-10 14:04:42 - app_logger - INFO - get_results_by_request_id:148 - Found 1 AI result row(s) for req_id='REQ100017'.
2026-06-10 14:05:39 - app_logger - INFO - get_sim_results_by_request_id:186 - Fetching sim results for req_id='REQ100017', system='SYS_2'.
2026-06-10 14:05:39 - app_logger - INFO - get_results_by_request_id:138 - Fetching AI results for req_id='REQ100017'.
2026-06-10 14:05:39 - app_logger - INFO - get_sim_results_by_request_id:199 - Found 1 sim result row(s) for req_id='REQ100017'.
2026-06-10 14:05:39 - app_logger - INFO - get_results_by_request_id:148 - Found 1 AI result row(s) for req_id='REQ100017'.
2026-06-10 14:05:46 - app_logger - INFO - get_all_requests:108 - Request received — list all optimisation requests.
2026-06-10 14:05:46 - app_logger - INFO - get_all_requests:111 - Returning 18 request(s).
2026-06-10 14:06:02 - app_logger - INFO - get_fue_dashboard:1121 - [Stage 6] Fetching FUE Dashboard for SYS_2
2026-06-10 14:06:02 - app_logger - INFO - get_user_role_summary_tablename:96 - Generated user-role summary license table name for system 'SYS_2'
2026-06-10 14:06:02 - app_logger - INFO - create_user_lic_summary_model:575 - Model for table 'Z_FUE_SYS_2_USER_LICENSE_SUMMARY' found in cache. Returning cached model.
2026-06-10 14:06:02 - app_logger - INFO - get_role_lice_data_summary_tablename:86 - Generated role license summary info table name for system 'SYS_2'
2026-06-10 14:06:02 - app_logger - INFO - create_role_lic_summary_model:531 - Model for table 'Z_FUE_SYS_2_ROLE_LICENSE_SUMMARY' found in cache. Returning cached model.
2026-06-10 14:06:02 - fue_calculation_logger - INFO - get_role_details:36 - Fetching role details for system: 'SYS_2'
2026-06-10 14:06:02 - app_logger - INFO - get_role_lice_data_summary_tablename:86 - Generated role license summary info table name for system 'SYS_2'
2026-06-10 14:06:02 - app_logger - INFO - get_agr_users_tablename:34 - Generated user role mapping agr_users table name for system 'SYS_2'
2026-06-10 14:06:02 - fue_calculation_logger - INFO - get_role_details:77 - Successfully fetched 2681 roles for system 'SYS_2'.
2026-06-10 14:08:18 - fue_calculation_logger - INFO - get_users_by_role:225 - Fetching users for role: 'ZD_FTM_M_FA_MGR_2100' in system: 'SYS_2'
2026-06-10 14:08:18 - app_logger - INFO - get_user_role_data_tablename:91 - Generated user-role license info table name for system 'SYS_2'
2026-06-10 14:08:18 - fue_calculation_logger - INFO - get_users_by_role:252 - Successfully fetched 10 users for role 'ZD_FTM_M_FA_MGR_2100'.
2026-06-10 14:08:18 - fue_calculation_logger - INFO - get_users_by_role:225 - Fetching users for role: 'ZD_FTM_M_FA_MGR_2100' in system: 'SYS_2'
2026-06-10 14:08:18 - app_logger - INFO - get_user_role_data_tablename:91 - Generated user-role license info table name for system 'SYS_2'
2026-06-10 14:08:18 - fue_calculation_logger - INFO - get_users_by_role:252 - Successfully fetched 10 users for role 'ZD_FTM_M_FA_MGR_2100'.
2026-06-10 14:08:32 - app_logger - INFO - get_fue_dashboard:1121 - [Stage 6] Fetching FUE Dashboard for SYS_2
2026-06-10 14:08:32 - app_logger - INFO - get_user_role_summary_tablename:96 - Generated user-role summary license table name for system 'SYS_2'
2026-06-10 14:08:32 - app_logger - INFO - create_user_lic_summary_model:575 - Model for table 'Z_FUE_SYS_2_USER_LICENSE_SUMMARY' found in cache. Returning cached model.
2026-06-10 14:08:32 - app_logger - INFO - get_role_lice_data_summary_tablename:86 - Generated role license summary info table name for system 'SYS_2'
2026-06-10 14:08:32 - app_logger - INFO - create_role_lic_summary_model:531 - Model for table 'Z_FUE_SYS_2_ROLE_LICENSE_SUMMARY' found in cache. Returning cached model.
2026-06-10 14:08:32 - fue_calculation_logger - INFO - get_role_details:36 - Fetching role details for system: 'SYS_2'
2026-06-10 14:08:32 - app_logger - INFO - get_role_lice_data_summary_tablename:86 - Generated role license summary info table name for system 'SYS_2'
2026-06-10 14:08:32 - app_logger - INFO - get_agr_users_tablename:34 - Generated user role mapping agr_users table name for system 'SYS_2'
2026-06-10 14:08:33 - fue_calculation_logger - INFO - get_role_details:77 - Successfully fetched 2681 roles for system 'SYS_2'.
2026-06-10 14:08:46 - app_logger - INFO - get_fue_dashboard:1121 - [Stage 6] Fetching FUE Dashboard for SYS_2
2026-06-10 14:08:46 - app_logger - INFO - get_user_role_summary_tablename:96 - Generated user-role summary license table name for system 'SYS_2'
2026-06-10 14:08:46 - app_logger - INFO - create_user_lic_summary_model:575 - Model for table 'Z_FUE_SYS_2_USER_LICENSE_SUMMARY' found in cache. Returning cached model.
2026-06-10 14:08:46 - app_logger - INFO - get_role_lice_data_summary_tablename:86 - Generated role license summary info table name for system 'SYS_2'
2026-06-10 14:08:46 - app_logger - INFO - create_role_lic_summary_model:531 - Model for table 'Z_FUE_SYS_2_ROLE_LICENSE_SUMMARY' found in cache. Returning cached model.
2026-06-10 14:08:49 - app_logger - INFO - get_fue_dashboard:1121 - [Stage 6] Fetching FUE Dashboard for SYS_2
2026-06-10 14:08:49 - app_logger - INFO - get_user_role_summary_tablename:96 - Generated user-role summary license table name for system 'SYS_2'
2026-06-10 14:08:49 - app_logger - INFO - create_user_lic_summary_model:575 - Model for table 'Z_FUE_SYS_2_USER_LICENSE_SUMMARY' found in cache. Returning cached model.
2026-06-10 14:08:49 - app_logger - INFO - get_role_lice_data_summary_tablename:86 - Generated role license summary info table name for system 'SYS_2'
2026-06-10 14:08:49 - app_logger - INFO - create_role_lic_summary_model:531 - Model for table 'Z_FUE_SYS_2_ROLE_LICENSE_SUMMARY' found in cache. Returning cached model.
2026-06-10 14:08:49 - app_logger - INFO - get_simulation_results:753 - Fetching simulation results for system 'SYS_2'
2026-06-10 14:08:49 - app_logger - INFO - get_simulation_result_tablename:108 - Generated simulation_result table name for system 'SYS_2'
2026-06-10 14:08:49 - app_logger - INFO - create_simulation_result_model:615 - Model for table 'Z_FUE_SYS_2_SIMULATION_RESULT' found in cache.
2026-06-10 14:08:57 - app_logger - INFO - get_simulation_results:753 - Fetching simulation results for system 'SYS_2'
2026-06-10 14:08:57 - app_logger - INFO - get_simulation_result_tablename:108 - Generated simulation_result table name for system 'SYS_2'
2026-06-10 14:08:57 - app_logger - INFO - create_simulation_result_model:615 - Model for table 'Z_FUE_SYS_2_SIMULATION_RESULT' found in cache.
2026-06-10 14:08:57 - app_logger - INFO - get_fue_dashboard:1121 - [Stage 6] Fetching FUE Dashboard for SYS_2
2026-06-10 14:08:57 - app_logger - INFO - get_user_role_summary_tablename:96 - Generated user-role summary license table name for system 'SYS_2'
2026-06-10 14:08:57 - app_logger - INFO - create_user_lic_summary_model:575 - Model for table 'Z_FUE_SYS_2_USER_LICENSE_SUMMARY' found in cache. Returning cached model.
2026-06-10 14:08:57 - app_logger - INFO - get_role_lice_data_summary_tablename:86 - Generated role license summary info table name for system 'SYS_2'
2026-06-10 14:08:57 - app_logger - INFO - create_role_lic_summary_model:531 - Model for table 'Z_FUE_SYS_2_ROLE_LICENSE_SUMMARY' found in cache. Returning cached model.
2026-06-10 14:08:57 - app_logger - INFO - get_simulation_results:753 - Fetching simulation results for system 'SYS_2'
2026-06-10 14:08:57 - app_logger - INFO - get_simulation_result_tablename:108 - Generated simulation_result table name for system 'SYS_2'
2026-06-10 14:08:57 - app_logger - INFO - create_simulation_result_model:615 - Model for table 'Z_FUE_SYS_2_SIMULATION_RESULT' found in cache.
2026-06-10 14:08:57 - app_logger - INFO - get_fue_dashboard:1121 - [Stage 6] Fetching FUE Dashboard for SYS_2
2026-06-10 14:08:57 - app_logger - INFO - get_user_role_summary_tablename:96 - Generated user-role summary license table name for system 'SYS_2'
2026-06-10 14:08:57 - app_logger - INFO - create_user_lic_summary_model:575 - Model for table 'Z_FUE_SYS_2_USER_LICENSE_SUMMARY' found in cache. Returning cached model.
2026-06-10 14:08:57 - app_logger - INFO - get_role_lice_data_summary_tablename:86 - Generated role license summary info table name for system 'SYS_2'
2026-06-10 14:08:57 - app_logger - INFO - create_role_lic_summary_model:531 - Model for table 'Z_FUE_SYS_2_ROLE_LICENSE_SUMMARY' found in cache. Returning cached model.
2026-06-10 14:09:10 - app_logger - INFO - get_fue_dashboard:1121 - [Stage 6] Fetching FUE Dashboard for SYS_2
2026-06-10 14:09:10 - app_logger - INFO - get_user_role_summary_tablename:96 - Generated user-role summary license table name for system 'SYS_2'
2026-06-10 14:09:10 - app_logger - INFO - create_user_lic_summary_model:575 - Model for table 'Z_FUE_SYS_2_USER_LICENSE_SUMMARY' found in cache. Returning cached model.
2026-06-10 14:09:10 - app_logger - INFO - get_role_lice_data_summary_tablename:86 - Generated role license summary info table name for system 'SYS_2'
2026-06-10 14:09:10 - app_logger - INFO - create_role_lic_summary_model:531 - Model for table 'Z_FUE_SYS_2_ROLE_LICENSE_SUMMARY' found in cache. Returning cached model.
2026-06-10 14:09:11 - app_logger - INFO - get_simulation_results:753 - Fetching simulation results for system 'SYS_2'
2026-06-10 14:09:11 - app_logger - INFO - get_simulation_result_tablename:108 - Generated simulation_result table name for system 'SYS_2'
2026-06-10 14:09:11 - app_logger - INFO - create_simulation_result_model:615 - Model for table 'Z_FUE_SYS_2_SIMULATION_RESULT' found in cache.
2026-06-10 14:09:15 - app_logger - INFO - get_simulation_results:753 - Fetching simulation results for system 'SYS_2'
2026-06-10 14:09:15 - app_logger - INFO - get_simulation_result_tablename:108 - Generated simulation_result table name for system 'SYS_2'
2026-06-10 14:09:15 - app_logger - INFO - create_simulation_result_model:615 - Model for table 'Z_FUE_SYS_2_SIMULATION_RESULT' found in cache.
2026-06-10 14:09:15 - app_logger - INFO - get_fue_dashboard:1121 - [Stage 6] Fetching FUE Dashboard for SYS_2
2026-06-10 14:09:15 - app_logger - INFO - get_user_role_summary_tablename:96 - Generated user-role summary license table name for system 'SYS_2'
2026-06-10 14:09:15 - app_logger - INFO - create_user_lic_summary_model:575 - Model for table 'Z_FUE_SYS_2_USER_LICENSE_SUMMARY' found in cache. Returning cached model.
2026-06-10 14:09:15 - app_logger - INFO - get_role_lice_data_summary_tablename:86 - Generated role license summary info table name for system 'SYS_2'
2026-06-10 14:09:15 - app_logger - INFO - create_role_lic_summary_model:531 - Model for table 'Z_FUE_SYS_2_ROLE_LICENSE_SUMMARY' found in cache. Returning cached model.
2026-06-10 14:09:15 - app_logger - INFO - get_simulation_results:753 - Fetching simulation results for system 'SYS_2'
2026-06-10 14:09:15 - app_logger - INFO - get_simulation_result_tablename:108 - Generated simulation_result table name for system 'SYS_2'
2026-06-10 14:09:15 - app_logger - INFO - create_simulation_result_model:615 - Model for table 'Z_FUE_SYS_2_SIMULATION_RESULT' found in cache.
2026-06-10 14:09:15 - app_logger - INFO - get_fue_dashboard:1121 - [Stage 6] Fetching FUE Dashboard for SYS_2
2026-06-10 14:09:15 - app_logger - INFO - get_user_role_summary_tablename:96 - Generated user-role summary license table name for system 'SYS_2'
2026-06-10 14:09:15 - app_logger - INFO - create_user_lic_summary_model:575 - Model for table 'Z_FUE_SYS_2_USER_LICENSE_SUMMARY' found in cache. Returning cached model.
2026-06-10 14:09:15 - app_logger - INFO - get_role_lice_data_summary_tablename:86 - Generated role license summary info table name for system 'SYS_2'
2026-06-10 14:09:15 - app_logger - INFO - create_role_lic_summary_model:531 - Model for table 'Z_FUE_SYS_2_ROLE_LICENSE_SUMMARY' found in cache. Returning cached model.
2026-06-10 14:09:19 - app_logger - INFO - get_all_requests:108 - Request received — list all optimisation requests.
2026-06-10 14:09:19 - app_logger - INFO - get_all_requests:111 - Returning 18 request(s).
2026-06-10 14:09:23 - fue_calculation_logger - INFO - get_role_details:36 - Fetching role details for system: 'SYS_2'
2026-06-10 14:09:23 - app_logger - INFO - get_role_lice_data_summary_tablename:86 - Generated role license summary info table name for system 'SYS_2'
2026-06-10 14:09:23 - app_logger - INFO - get_agr_users_tablename:34 - Generated user role mapping agr_users table name for system 'SYS_2'
2026-06-10 14:09:23 - fue_calculation_logger - INFO - get_role_details:77 - Successfully fetched 2681 roles for system 'SYS_2'.
2026-06-10 14:09:24 - app_logger - INFO - get_license_types_endpoint:244 - License-types requested for system='SYS_2'.
2026-06-10 14:09:24 - app_logger - INFO - get_role_lice_data_summary_tablename:86 - Generated role license summary info table name for system 'SYS_2'
2026-06-10 14:09:24 - app_logger - INFO - create_role_lic_summary_model:531 - Model for table 'Z_FUE_SYS_2_ROLE_LICENSE_SUMMARY' found in cache. Returning cached model.
2026-06-10 14:09:24 - app_logger - INFO - get_license_types_endpoint:249 - Returning 4 license type(s) for system='SYS_2'.
2026-06-10 14:09:34 - app_logger - INFO - get_all_requests:108 - Request received — list all optimisation requests.
2026-06-10 14:09:34 - app_logger - INFO - get_all_requests:111 - Returning 18 request(s).
2026-06-10 14:09:34 - app_logger - INFO - optimize_license_endpoint:65 - Optimisation request received — system='SYS_2', target_license='GB Advanced Use', roles=['Z:FI:FDBD:MD']
2026-06-10 14:09:34 - app_logger - INFO - create_optimization_request_immediately:343 - Creating optimisation request for system='SYS_2'.
2026-06-10 14:09:35 - app_logger - INFO - create_optimization_request_immediately:364 - Request record 'REQ100018' committed.
2026-06-10 14:09:35 - app_logger - INFO - optimize_license_endpoint:75 - Request 'REQ100018' created — queuing background task.
2026-06-10 14:09:35 - app_logger - INFO - process_optimization_in_background:382 - [REQ100018] Background optimisation started.
2026-06-10 14:09:35 - app_logger - INFO - run_optimization_processing:420 - [REQ100018] run_optimization_processing() — system=SYS_2, target_license=GB Advanced Use, roles=['Z:FI:FDBD:MD']
2026-06-10 14:09:35 - app_logger - INFO - get_role_lice_data_tablename:81 - Generated role object license info table name for system 'SYS_2'
2026-06-10 14:09:35 - app_logger - INFO - create_role_lic_model:510 - Model for table 'Z_FUE_SYS_2_ROLE_OBJ_LICENSE_INFO' found in cache. Returning cached model.
2026-06-10 14:09:35 - app_logger - INFO - get_role_lice_data_summary_tablename:86 - Generated role license summary info table name for system 'SYS_2'
2026-06-10 14:09:35 - app_logger - INFO - create_role_lic_summary_model:531 - Model for table 'Z_FUE_SYS_2_ROLE_LICENSE_SUMMARY' found in cache. Returning cached model.
2026-06-10 14:09:35 - app_logger - INFO - get_agr_1251_tablename:29 - Generated role auth table agr_1251_name for system 'SYS_2'
2026-06-10 14:09:35 - app_logger - INFO - create_AGR1251_model:333 - Model for table 'Z_FUE_SYS_2_ROLE_AUTH_INFO' found in cache. Returning cached model.
2026-06-10 14:09:35 - app_logger - INFO - get_agr_users_tablename:34 - Generated user role mapping agr_users table name for system 'SYS_2'
2026-06-10 14:09:35 - app_logger - INFO - create_AGRUSERS_model:350 - Model for table 'Z_FUE_SYS_2_USER_ROLE_MAPPING' found in cache. Returning cached model.
2026-06-10 14:09:35 - app_logger - INFO - get_agr_define_tablename:39 - Generated parent child role mapping table name for system 'SYS_2'
2026-06-10 14:09:35 - app_logger - INFO - create_AGRDEFINE_model:368 - Model for table 'Z_FUE_SYS_2_PARENT_CHILD_ROLE_MAPPING' found in cache. Returning cached model.
2026-06-10 14:09:35 - app_logger - INFO - get_all_requests:108 - Request received — list all optimisation requests.
2026-06-10 14:09:35 - app_logger - INFO - get_all_requests:111 - Returning 19 request(s).
2026-06-10 14:09:35 - app_logger - INFO - get_flpca_data_tablename:60 - Generated flpca table name for system 'SYS_2'
2026-06-10 14:09:35 - app_logger - INFO - create_FLPCA_model:454 - Model for table 'Z_FUE_SYS_2_FIORI DATA' found in cache. Returning cached model.
2026-06-10 14:09:35 - app_logger - INFO - run_optimization_processing:468 - [REQ100018] RoleLic rows fetched: 2
2026-06-10 14:09:35 - app_logger - INFO - run_optimization_processing:479 - [REQ100018] Distinct roles to analyse: ['Z:FI:FDBD:MD']
2026-06-10 14:09:35 - app_logger - INFO - run_optimization_processing:506 - [REQ100018] Role 'Z:FI:FDBD:MD' has 0 tcodes
2026-06-10 14:09:35 - app_logger - INFO - get_agr_1251_tablename:29 - Generated role auth table agr_1251_name for system 'SYS_2'
2026-06-10 14:09:35 - app_logger - INFO - create_AGR1251_model:333 - Model for table 'Z_FUE_SYS_2_ROLE_AUTH_INFO' found in cache. Returning cached model.
2026-06-10 14:09:35 - app_logger - INFO - get_usobxC_data_tablename:70 - Generated tcode text data name for system 'SYS_2'
2026-06-10 14:09:35 - app_logger - INFO - create_USOBXC_model:471 - Model for table 'Z_FUE_SYS_2_USOBX_C DATA' found in cache. Returning cached model.
2026-06-10 14:09:35 - app_logger - INFO - get_obj_text_data_tablename:76 - Generated tcode text data name for system 'SYS_2'
2026-06-10 14:09:35 - app_logger - INFO - create_TOBJL_model:489 - Model for table 'Z_FUE_SYS_2_OBJ_TEXT DATA' found in cache. Returning cached model.
2026-06-10 14:09:35 - app_logger - INFO - get_role_lice_data_tablename:81 - Generated role object license info table name for system 'SYS_2'
2026-06-10 14:09:35 - app_logger - INFO - create_role_lic_model:510 - Model for table 'Z_FUE_SYS_2_ROLE_OBJ_LICENSE_INFO' found in cache. Returning cached model.
2026-06-10 14:09:35 - app_logger - INFO - run_optimization_processing:544 - [REQ100018] Roles packaged for AI: 1
2026-06-10 14:09:35 - app_logger - INFO - run_optimization_processing:586 - [REQ100018] Sending prompt to AI (length=1920).
2026-06-10 14:09:35 - app_logger - INFO - _write_prompt_debug_file:331 - [REQ100018] Full prompt written to: output/prompts/SYS_2-REQ100018-20260610-140935-prompt.txt
2026-06-10 14:09:35 - app_logger - INFO - call_ai_api:47 - Initiating AI call with prompt (first 100 chars): 'You are an SAP FUE licence optimisation expert.

The 1 role(s) below are currently classified as "GB...'
2026-06-10 14:09:35 - app_logger - INFO - call_ai_api:53 - Using AI Model: anthropic/claude-opus-4-20250514 (max_tokens=4096, temperature=0.7)
2026-06-10 14:09:38 - app_logger - INFO - get_all_requests:108 - Request received — list all optimisation requests.
2026-06-10 14:09:38 - app_logger - INFO - get_all_requests:111 - Returning 19 request(s).
2026-06-10 14:09:45 - app_logger - INFO - get_all_requests:108 - Request received — list all optimisation requests.
2026-06-10 14:09:45 - app_logger - INFO - get_all_requests:111 - Returning 19 request(s).
2026-06-10 14:09:46 - app_logger - INFO - call_claude_api:141 - Successfully received response from Claude API. Response length: 984
2026-06-10 14:09:46 - app_logger - INFO - run_optimization_processing:614 - [REQ100018] AI returned 1 role block(s).
2026-06-10 14:09:46 - app_logger - INFO - run_optimization_processing:618 - [REQ100018]   → role='Z:FI:FDBD:MD' objects=1
2026-06-10 14:09:46 - app_logger - INFO - run_optimization_processing:657 - [REQ100018] Role 'Z:FI:FDBD:MD' → REDUCIBLE → 'GC Core Use'
2026-06-10 14:09:46 - app_logger - INFO - run_optimization_processing:685 - [REQ100018] Saved 1 objects for role 'Z:FI:FDBD:MD'
2026-06-10 14:09:46 - app_logger - INFO - run_optimization_processing:730 - [REQ100018] LicenseOptimizationResult committed. Reducible roles: ['Z:FI:FDBD:MD']
2026-06-10 14:09:46 - app_logger - INFO - simulate_system_fue:772 - [REQ100018] simulate_system_fue() — 1 reducible role(s): ['Z:FI:FDBD:MD']
2026-06-10 14:09:46 - app_logger - INFO - get_user_role_summary_tablename:96 - Generated user-role summary license table name for system 'SYS_2'
2026-06-10 14:09:46 - app_logger - INFO - create_user_lic_summary_model:575 - Model for table 'Z_FUE_SYS_2_USER_LICENSE_SUMMARY' found in cache. Returning cached model.
2026-06-10 14:09:46 - app_logger - INFO - simulate_system_fue:788 - [REQ100018] UserLicSummary rows loaded: 3499
2026-06-10 14:09:46 - app_logger - INFO - get_user_role_data_tablename:91 - Generated user-role license info table name for system 'SYS_2'
2026-06-10 14:09:46 - app_logger - INFO - create_user_lic_model:553 - Model for table 'Z_FUE_SYS_2_USER_ROLE_LICENSE_INFO' found in cache. Returning cached model.
2026-06-10 14:09:47 - app_logger - INFO - simulate_system_fue:811 - [REQ100018] UserRoleLlic rows loaded: 68634
2026-06-10 14:09:47 - app_logger - INFO - simulate_system_fue:853 - [REQ100018] Users with at least one reducible role: 6
2026-06-10 14:09:47 - app_logger - INFO - simulate_system_fue:892 - [REQ100018] AFTER licenses computed for 3499 users
2026-06-10 14:09:47 - app_logger - INFO - simulate_system_fue:916 - [REQ100018] BEFORE → GB=390 GC=1018 GD=653 NC=1438 FUE=616
2026-06-10 14:09:47 - app_logger - INFO - simulate_system_fue:917 - [REQ100018] AFTER  → GB=390 GC=1018 GD=653 NC=1438 FUE=616
2026-06-10 14:09:47 - app_logger - INFO - simulate_system_fue:918 - [REQ100018] FUE saved=0, Users impacted=0
2026-06-10 14:09:47 - app_logger - INFO - simulate_system_fue:940 - [REQ100018] OptSimResult committed.
2026-06-10 14:09:47 - app_logger - INFO - _write_output_file:984 - Output snapshot → output/SYS_2-REQ100018-20260610-140947.json
2026-06-10 14:09:47 - app_logger - INFO - run_optimization_processing:747 - [REQ100018] run_optimization_processing() complete.
2026-06-10 14:09:47 - app_logger - INFO - process_optimization_in_background:393 - [REQ100018] Processing finished → STATUS=COMPLETED
2026-06-10 14:09:55 - app_logger - INFO - get_all_requests:108 - Request received — list all optimisation requests.
2026-06-10 14:09:55 - app_logger - INFO - get_all_requests:111 - Returning 19 request(s).
2026-06-10 14:09:57 - app_logger - INFO - get_sim_results_by_request_id:186 - Fetching sim results for req_id='REQ100018', system='SYS_2'.
2026-06-10 14:09:57 - app_logger - INFO - get_results_by_request_id:138 - Fetching AI results for req_id='REQ100018'.
2026-06-10 14:09:57 - app_logger - INFO - get_sim_results_by_request_id:199 - Found 1 sim result row(s) for req_id='REQ100018'.
2026-06-10 14:09:57 - app_logger - INFO - get_results_by_request_id:148 - Found 1 AI result row(s) for req_id='REQ100018'.
2026-06-10 14:10:06 - app_logger - INFO - get_all_requests:108 - Request received — list all optimisation requests.
2026-06-10 14:10:06 - app_logger - INFO - get_all_requests:111 - Returning 19 request(s).
2026-06-10 14:10:10 - app_logger - INFO - get_results_by_request_id:138 - Fetching AI results for req_id='REQ100018'.
2026-06-10 14:10:10 - app_logger - INFO - get_sim_results_by_request_id:186 - Fetching sim results for req_id='REQ100018', system='SYS_2'.
2026-06-10 14:10:10 - app_logger - INFO - get_results_by_request_id:148 - Found 1 AI result row(s) for req_id='REQ100018'.
2026-06-10 14:10:10 - app_logger - INFO - get_sim_results_by_request_id:199 - Found 1 sim result row(s) for req_id='REQ100018'.
2026-06-10 14:10:16 - app_logger - INFO - get_sim_results_by_request_id:186 - Fetching sim results for req_id='REQ100018', system='SYS_2'.
2026-06-10 14:10:16 - app_logger - INFO - get_results_by_request_id:138 - Fetching AI results for req_id='REQ100018'.
2026-06-10 14:10:16 - app_logger - INFO - get_sim_results_by_request_id:199 - Found 1 sim result row(s) for req_id='REQ100018'.
2026-06-10 14:10:16 - app_logger - INFO - get_results_by_request_id:148 - Found 1 AI result row(s) for req_id='REQ100018'.
2026-06-10 14:10:36 - app_logger - INFO - get_sim_results_by_request_id:186 - Fetching sim results for req_id='REQ100018', system='SYS_2'.
2026-06-10 14:10:36 - app_logger - INFO - get_results_by_request_id:138 - Fetching AI results for req_id='REQ100018'.
2026-06-10 14:10:36 - app_logger - INFO - get_sim_results_by_request_id:199 - Found 1 sim result row(s) for req_id='REQ100018'.
2026-06-10 14:10:36 - app_logger - INFO - get_results_by_request_id:148 - Found 1 AI result row(s) for req_id='REQ100018'.
2026-06-10 14:10:45 - fue_calculation_logger - INFO - get_role_details:36 - Fetching role details for system: 'SYS_2'
2026-06-10 14:10:45 - app_logger - INFO - get_role_lice_data_summary_tablename:86 - Generated role license summary info table name for system 'SYS_2'
2026-06-10 14:10:45 - app_logger - INFO - get_agr_users_tablename:34 - Generated user role mapping agr_users table name for system 'SYS_2'
2026-06-10 14:10:45 - fue_calculation_logger - INFO - get_role_details:77 - Successfully fetched 2681 roles for system 'SYS_2'.
2026-06-10 14:10:45 - app_logger - INFO - get_fue_dashboard:1121 - [Stage 6] Fetching FUE Dashboard for SYS_2
2026-06-10 14:10:45 - app_logger - INFO - get_user_role_summary_tablename:96 - Generated user-role summary license table name for system 'SYS_2'
2026-06-10 14:10:45 - app_logger - INFO - create_user_lic_summary_model:575 - Model for table 'Z_FUE_SYS_2_USER_LICENSE_SUMMARY' found in cache. Returning cached model.
2026-06-10 14:10:45 - app_logger - INFO - get_role_lice_data_summary_tablename:86 - Generated role license summary info table name for system 'SYS_2'
2026-06-10 14:10:45 - app_logger - INFO - create_role_lic_summary_model:531 - Model for table 'Z_FUE_SYS_2_ROLE_LICENSE_SUMMARY' found in cache. Returning cached model.
2026-06-10 14:11:01 - fue_calculation_logger - INFO - get_specific_role_details:123 - Fetching details for role: 'Z:FI:FDBD:MD' for system: 'SYS_2'
2026-06-10 14:11:01 - app_logger - INFO - get_role_lice_data_summary_tablename:86 - Generated role license summary info table name for system 'SYS_2'
2026-06-10 14:11:01 - app_logger - INFO - get_role_lice_data_tablename:81 - Generated role object license info table name for system 'SYS_2'
2026-06-10 14:11:01 - fue_calculation_logger - INFO - get_specific_role_details:178 - Successfully fetched details for role 'Z:FI:FDBD:MD'. Found 81 authorization objects.
2026-06-10 14:11:01 - fue_calculation_logger - INFO - get_specific_role_details:123 - Fetching details for role: 'Z:FI:FDBD:MD' for system: 'SYS_2'
2026-06-10 14:11:01 - app_logger - INFO - get_role_lice_data_summary_tablename:86 - Generated role license summary info table name for system 'SYS_2'
2026-06-10 14:11:01 - app_logger - INFO - get_role_lice_data_tablename:81 - Generated role object license info table name for system 'SYS_2'
2026-06-10 14:11:01 - fue_calculation_logger - INFO - get_specific_role_details:178 - Successfully fetched details for role 'Z:FI:FDBD:MD'. Found 81 authorization objects.
2026-06-10 14:11:36 - fue_calculation_logger - INFO - get_specific_role_details:123 - Fetching details for role: 'Z:FI:FDBD:MD' for system: 'SYS_2'
2026-06-10 14:11:36 - app_logger - INFO - get_role_lice_data_summary_tablename:86 - Generated role license summary info table name for system 'SYS_2'
2026-06-10 14:11:36 - app_logger - INFO - get_role_lice_data_tablename:81 - Generated role object license info table name for system 'SYS_2'
2026-06-10 14:11:36 - fue_calculation_logger - INFO - get_specific_role_details:178 - Successfully fetched details for role 'Z:FI:FDBD:MD'. Found 81 authorization objects.
2026-06-10 14:11:36 - app_logger - INFO - get_fue_dashboard:1121 - [Stage 6] Fetching FUE Dashboard for SYS_2
2026-06-10 14:11:36 - app_logger - INFO - get_user_role_summary_tablename:96 - Generated user-role summary license table name for system 'SYS_2'
2026-06-10 14:11:36 - app_logger - INFO - create_user_lic_summary_model:575 - Model for table 'Z_FUE_SYS_2_USER_LICENSE_SUMMARY' found in cache. Returning cached model.
2026-06-10 14:11:36 - app_logger - INFO - get_role_lice_data_summary_tablename:86 - Generated role license summary info table name for system 'SYS_2'
2026-06-10 14:11:36 - app_logger - INFO - create_role_lic_summary_model:531 - Model for table 'Z_FUE_SYS_2_ROLE_LICENSE_SUMMARY' found in cache. Returning cached model.
2026-06-10 14:11:36 - fue_calculation_logger - INFO - get_role_details:36 - Fetching role details for system: 'SYS_2'
2026-06-10 14:11:36 - app_logger - INFO - get_role_lice_data_summary_tablename:86 - Generated role license summary info table name for system 'SYS_2'
2026-06-10 14:11:36 - app_logger - INFO - get_agr_users_tablename:34 - Generated user role mapping agr_users table name for system 'SYS_2'
2026-06-10 14:11:37 - fue_calculation_logger - INFO - get_role_details:77 - Successfully fetched 2681 roles for system 'SYS_2'.
2026-06-10 14:11:57 - fue_calculation_logger - INFO - get_users_by_role:225 - Fetching users for role: 'Z:FI:FDBD:MD' in system: 'SYS_2'
2026-06-10 14:11:57 - app_logger - INFO - get_user_role_data_tablename:91 - Generated user-role license info table name for system 'SYS_2'
2026-06-10 14:11:57 - fue_calculation_logger - INFO - get_users_by_role:252 - Successfully fetched 6 users for role 'Z:FI:FDBD:MD'.
2026-06-10 14:11:57 - fue_calculation_logger - INFO - get_users_by_role:225 - Fetching users for role: 'Z:FI:FDBD:MD' in system: 'SYS_2'
2026-06-10 14:11:57 - app_logger - INFO - get_user_role_data_tablename:91 - Generated user-role license info table name for system 'SYS_2'
2026-06-10 14:11:57 - fue_calculation_logger - INFO - get_users_by_role:252 - Successfully fetched 6 users for role 'Z:FI:FDBD:MD'.
2026-06-10 14:21:36 - fue_calculation_logger - INFO - get_users_by_role:225 - Fetching users for role: 'Z:FI:FDBD:MD' in system: 'SYS_2'
2026-06-10 14:21:36 - app_logger - INFO - get_user_role_data_tablename:91 - Generated user-role license info table name for system 'SYS_2'
2026-06-10 14:21:36 - fue_calculation_logger - INFO - get_users_by_role:252 - Successfully fetched 6 users for role 'Z:FI:FDBD:MD'.
2026-06-10 14:21:42 - app_logger - INFO - get_fue_dashboard:1121 - [Stage 6] Fetching FUE Dashboard for SYS_2
2026-06-10 14:21:42 - app_logger - INFO - get_user_role_summary_tablename:96 - Generated user-role summary license table name for system 'SYS_2'
2026-06-10 14:21:42 - app_logger - INFO - create_user_lic_summary_model:577 - Model for table 'Z_FUE_SYS_2_USER_LICENSE_SUMMARY' not in cache. Creating a new dynamic model.
2026-06-10 14:21:42 - app_logger - INFO - create_user_lic_summary_model:586 - Successfully created dynamic model for table 'Z_FUE_SYS_2_USER_LICENSE_SUMMARY'
2026-06-10 14:21:42 - app_logger - INFO - get_role_lice_data_summary_tablename:86 - Generated role license summary info table name for system 'SYS_2'
2026-06-10 14:21:42 - app_logger - INFO - create_role_lic_summary_model:533 - Model for table 'Z_FUE_SYS_2_ROLE_LICENSE_SUMMARY' not in cache. Creating a new dynamic model.
2026-06-10 14:21:42 - app_logger - INFO - create_role_lic_summary_model:542 - Successfully created dynamic model for table 'Z_FUE_SYS_2_ROLE_LICENSE_SUMMARY'
2026-06-10 14:21:42 - fue_calculation_logger - INFO - get_role_details:36 - Fetching role details for system: 'SYS_2'
2026-06-10 14:21:42 - app_logger - INFO - get_role_lice_data_summary_tablename:86 - Generated role license summary info table name for system 'SYS_2'
2026-06-10 14:21:42 - app_logger - INFO - get_agr_users_tablename:34 - Generated user role mapping agr_users table name for system 'SYS_2'
2026-06-10 14:21:42 - fue_calculation_logger - INFO - get_role_details:77 - Successfully fetched 2681 roles for system 'SYS_2'.
2026-06-10 14:23:11 - app_logger - INFO - get_all_requests:108 - Request received — list all optimisation requests.
2026-06-10 14:23:11 - app_logger - INFO - get_all_requests:111 - Returning 19 request(s).
2026-06-10 14:23:13 - fue_calculation_logger - INFO - get_role_details:36 - Fetching role details for system: 'SYS_2'
2026-06-10 14:23:13 - app_logger - INFO - get_role_lice_data_summary_tablename:86 - Generated role license summary info table name for system 'SYS_2'
2026-06-10 14:23:13 - app_logger - INFO - get_agr_users_tablename:34 - Generated user role mapping agr_users table name for system 'SYS_2'
2026-06-10 14:23:14 - fue_calculation_logger - INFO - get_role_details:77 - Successfully fetched 2681 roles for system 'SYS_2'.
2026-06-10 14:23:14 - app_logger - INFO - get_license_types_endpoint:244 - License-types requested for system='SYS_2'.
2026-06-10 14:23:14 - app_logger - INFO - get_role_lice_data_summary_tablename:86 - Generated role license summary info table name for system 'SYS_2'
2026-06-10 14:23:14 - app_logger - INFO - create_role_lic_summary_model:531 - Model for table 'Z_FUE_SYS_2_ROLE_LICENSE_SUMMARY' found in cache. Returning cached model.
2026-06-10 14:23:14 - app_logger - INFO - get_license_types_endpoint:249 - Returning 4 license type(s) for system='SYS_2'.
2026-06-10 14:23:26 - app_logger - INFO - get_all_requests:108 - Request received — list all optimisation requests.
2026-06-10 14:23:26 - app_logger - INFO - get_all_requests:111 - Returning 19 request(s).
2026-06-10 14:23:34 - app_logger - INFO - get_sim_results_by_request_id:186 - Fetching sim results for req_id='REQ100018', system='SYS_2'.
2026-06-10 14:23:34 - app_logger - INFO - get_results_by_request_id:138 - Fetching AI results for req_id='REQ100018'.
2026-06-10 14:23:34 - app_logger - INFO - create_opt_sim_result_model:112 - Creating OptSimResult model for 'Z_FUE_SYS_2_OPT_SIM_RESULT'.
2026-06-10 14:23:34 - app_logger - INFO - get_results_by_request_id:148 - Found 1 AI result row(s) for req_id='REQ100018'.
2026-06-10 14:23:34 - app_logger - INFO - get_sim_results_by_request_id:199 - Found 1 sim result row(s) for req_id='REQ100018'.
2026-06-10 14:23:39 - app_logger - INFO - get_all_requests:108 - Request received — list all optimisation requests.
2026-06-10 14:23:39 - app_logger - INFO - get_all_requests:111 - Returning 19 request(s).
2026-06-10 14:23:54 - app_logger - INFO - get_all_requests:108 - Request received — list all optimisation requests.
2026-06-10 14:23:54 - app_logger - INFO - get_all_requests:111 - Returning 19 request(s).
2026-06-10 14:24:09 - app_logger - INFO - get_all_requests:108 - Request received — list all optimisation requests.
2026-06-10 14:24:09 - app_logger - INFO - get_all_requests:111 - Returning 19 request(s).
2026-06-10 14:24:10 - app_logger - INFO - optimize_license_endpoint:65 - Optimisation request received — system='SYS_2', target_license='GB Advanced Use', roles=['Z:FI:FDBD:MD']
2026-06-10 14:24:10 - app_logger - INFO - create_optimization_request_immediately:343 - Creating optimisation request for system='SYS_2'.
2026-06-10 14:24:10 - app_logger - INFO - create_optimization_request_immediately:364 - Request record 'REQ100019' committed.
2026-06-10 14:24:10 - app_logger - INFO - optimize_license_endpoint:75 - Request 'REQ100019' created — queuing background task.
2026-06-10 14:24:10 - app_logger - INFO - process_optimization_in_background:382 - [REQ100019] Background optimisation started.
2026-06-10 14:24:10 - app_logger - INFO - run_optimization_processing:420 - [REQ100019] run_optimization_processing() — system=SYS_2, target_license=GB Advanced Use, roles=['Z:FI:FDBD:MD']
2026-06-10 14:24:10 - app_logger - INFO - get_role_lice_data_tablename:81 - Generated role object license info table name for system 'SYS_2'
2026-06-10 14:24:10 - app_logger - INFO - create_role_lic_model:512 - Model for table 'Z_FUE_SYS_2_ROLE_OBJ_LICENSE_INFO' not in cache. Creating a new dynamic model.
2026-06-10 14:24:10 - app_logger - INFO - create_role_lic_model:521 - Successfully created dynamic model for table 'Z_FUE_SYS_2_ROLE_OBJ_LICENSE_INFO'
2026-06-10 14:24:10 - app_logger - INFO - get_role_lice_data_summary_tablename:86 - Generated role license summary info table name for system 'SYS_2'
2026-06-10 14:24:10 - app_logger - INFO - create_role_lic_summary_model:531 - Model for table 'Z_FUE_SYS_2_ROLE_LICENSE_SUMMARY' found in cache. Returning cached model.
2026-06-10 14:24:10 - app_logger - INFO - get_agr_1251_tablename:29 - Generated role auth table agr_1251_name for system 'SYS_2'
2026-06-10 14:24:10 - app_logger - INFO - create_AGR1251_model:335 - Model for table 'Z_FUE_SYS_2_ROLE_AUTH_INFO' not in cache. Creating a new dynamic model.
2026-06-10 14:24:10 - app_logger - INFO - create_AGR1251_model:342 - Successfully created dynamic model for table 'Z_FUE_SYS_2_ROLE_AUTH_INFO'
2026-06-10 14:24:10 - app_logger - INFO - get_agr_users_tablename:34 - Generated user role mapping agr_users table name for system 'SYS_2'
2026-06-10 14:24:10 - app_logger - INFO - create_AGRUSERS_model:352 - Model for table 'Z_FUE_SYS_2_USER_ROLE_MAPPING' not in cache. Creating a new dynamic model.
2026-06-10 14:24:10 - app_logger - INFO - create_AGRUSERS_model:359 - Successfully created dynamic model for table 'Z_FUE_SYS_2_USER_ROLE_MAPPING'
2026-06-10 14:24:10 - app_logger - INFO - get_agr_define_tablename:39 - Generated parent child role mapping table name for system 'SYS_2'
2026-06-10 14:24:10 - app_logger - INFO - create_AGRDEFINE_model:370 - Model for table 'Z_FUE_SYS_2_PARENT_CHILD_ROLE_MAPPING' not in cache. Creating a new dynamic model.
2026-06-10 14:24:10 - app_logger - INFO - create_AGRDEFINE_model:377 - Successfully created dynamic model for table 'Z_FUE_SYS_2_PARENT_CHILD_ROLE_MAPPING'
2026-06-10 14:24:10 - app_logger - INFO - get_all_requests:108 - Request received — list all optimisation requests.
2026-06-10 14:24:10 - app_logger - INFO - get_all_requests:111 - Returning 20 request(s).
2026-06-10 14:24:10 - app_logger - INFO - get_flpca_data_tablename:60 - Generated flpca table name for system 'SYS_2'
2026-06-10 14:24:10 - app_logger - INFO - create_FLPCA_model:456 - Model for table 'Z_FUE_SYS_2_FIORI DATA' not in cache. Creating a new dynamic model.
2026-06-10 14:24:10 - app_logger - INFO - create_FLPCA_model:463 - Successfully created dynamic model for table 'Z_FUE_SYS_2_FIORI DATA'
2026-06-10 14:24:10 - app_logger - INFO - run_optimization_processing:468 - [REQ100019] RoleLic rows fetched: 2
2026-06-10 14:24:10 - app_logger - INFO - run_optimization_processing:479 - [REQ100019] Distinct roles to analyse: ['Z:FI:FDBD:MD']
2026-06-10 14:24:10 - app_logger - INFO - run_optimization_processing:506 - [REQ100019] Role 'Z:FI:FDBD:MD' has 0 tcodes
2026-06-10 14:24:10 - app_logger - INFO - get_agr_1251_tablename:29 - Generated role auth table agr_1251_name for system 'SYS_2'
2026-06-10 14:24:10 - app_logger - INFO - create_AGR1251_model:333 - Model for table 'Z_FUE_SYS_2_ROLE_AUTH_INFO' found in cache. Returning cached model.
2026-06-10 14:24:10 - app_logger - INFO - get_usobxC_data_tablename:70 - Generated tcode text data name for system 'SYS_2'
2026-06-10 14:24:10 - app_logger - INFO - create_USOBXC_model:473 - Model for table 'Z_FUE_SYS_2_USOBX_C DATA' not in cache. Creating a new dynamic model.
2026-06-10 14:24:10 - app_logger - INFO - create_USOBXC_model:480 - Successfully created dynamic model for table 'Z_FUE_SYS_2_USOBX_C DATA'
2026-06-10 14:24:10 - app_logger - INFO - get_obj_text_data_tablename:76 - Generated tcode text data name for system 'SYS_2'
2026-06-10 14:24:10 - app_logger - INFO - create_TOBJL_model:491 - Model for table 'Z_FUE_SYS_2_OBJ_TEXT DATA' not in cache. Creating a new dynamic model.
2026-06-10 14:24:10 - app_logger - INFO - create_TOBJL_model:498 - Successfully created dynamic model for table 'Z_FUE_SYS_2_OBJ_TEXT DATA'
2026-06-10 14:24:10 - app_logger - INFO - get_role_lice_data_tablename:81 - Generated role object license info table name for system 'SYS_2'
2026-06-10 14:24:10 - app_logger - INFO - create_role_lic_model:510 - Model for table 'Z_FUE_SYS_2_ROLE_OBJ_LICENSE_INFO' found in cache. Returning cached model.
2026-06-10 14:24:11 - app_logger - INFO - run_optimization_processing:544 - [REQ100019] Roles packaged for AI: 1
2026-06-10 14:24:11 - app_logger - INFO - run_optimization_processing:586 - [REQ100019] Sending prompt to AI (length=1920).
2026-06-10 14:24:11 - app_logger - INFO - _write_prompt_debug_file:331 - [REQ100019] Full prompt written to: output/prompts/SYS_2-REQ100019-20260610-142411-prompt.txt
2026-06-10 14:24:11 - app_logger - INFO - call_ai_api:47 - Initiating AI call with prompt (first 100 chars): 'You are an SAP FUE licence optimisation expert.

The 1 role(s) below are currently classified as "GB...'
2026-06-10 14:24:11 - app_logger - INFO - call_ai_api:53 - Using AI Model: anthropic/claude-opus-4-20250514 (max_tokens=4096, temperature=0.7)
2026-06-10 14:24:13 - app_logger - INFO - get_all_requests:108 - Request received — list all optimisation requests.
2026-06-10 14:24:13 - app_logger - INFO - get_all_requests:111 - Returning 20 request(s).
2026-06-10 14:24:14 - app_logger - INFO - get_all_requests:108 - Request received — list all optimisation requests.
2026-06-10 14:24:14 - app_logger - INFO - get_all_requests:111 - Returning 20 request(s).
2026-06-10 14:24:19 - app_logger - INFO - get_all_requests:108 - Request received — list all optimisation requests.
2026-06-10 14:24:19 - app_logger - INFO - get_all_requests:111 - Returning 20 request(s).
2026-06-10 14:24:21 - app_logger - INFO - call_claude_api:141 - Successfully received response from Claude API. Response length: 1140
2026-06-10 14:24:21 - app_logger - INFO - run_optimization_processing:614 - [REQ100019] AI returned 1 role block(s).
2026-06-10 14:24:21 - app_logger - INFO - run_optimization_processing:618 - [REQ100019]   → role='Z:FI:FDBD:MD' objects=1
2026-06-10 14:24:21 - app_logger - INFO - run_optimization_processing:657 - [REQ100019] Role 'Z:FI:FDBD:MD' → REDUCIBLE → 'GC Core Use'
2026-06-10 14:24:21 - app_logger - INFO - run_optimization_processing:685 - [REQ100019] Saved 1 objects for role 'Z:FI:FDBD:MD'
2026-06-10 14:24:21 - app_logger - INFO - run_optimization_processing:730 - [REQ100019] LicenseOptimizationResult committed. Reducible roles: ['Z:FI:FDBD:MD']
2026-06-10 14:24:21 - app_logger - INFO - simulate_system_fue:772 - [REQ100019] simulate_system_fue() — 1 reducible role(s): ['Z:FI:FDBD:MD']
2026-06-10 14:24:21 - app_logger - INFO - get_user_role_summary_tablename:96 - Generated user-role summary license table name for system 'SYS_2'
2026-06-10 14:24:21 - app_logger - INFO - create_user_lic_summary_model:575 - Model for table 'Z_FUE_SYS_2_USER_LICENSE_SUMMARY' found in cache. Returning cached model.
2026-06-10 14:24:22 - app_logger - INFO - simulate_system_fue:788 - [REQ100019] UserLicSummary rows loaded: 3499
2026-06-10 14:24:22 - app_logger - INFO - get_user_role_data_tablename:91 - Generated user-role license info table name for system 'SYS_2'
2026-06-10 14:24:22 - app_logger - INFO - create_user_lic_model:555 - Model for table 'Z_FUE_SYS_2_USER_ROLE_LICENSE_INFO' not in cache. Creating a new dynamic model.
2026-06-10 14:24:22 - app_logger - INFO - create_user_lic_model:564 - Successfully created dynamic model for table 'Z_FUE_SYS_2_USER_ROLE_LICENSE_INFO'
2026-06-10 14:24:23 - app_logger - INFO - simulate_system_fue:811 - [REQ100019] UserRoleLlic rows loaded: 68222
2026-06-10 14:24:23 - app_logger - INFO - simulate_system_fue:853 - [REQ100019] Users with at least one reducible role: 6
2026-06-10 14:24:23 - app_logger - INFO - simulate_system_fue:892 - [REQ100019] AFTER licenses computed for 3499 users
2026-06-10 14:24:23 - app_logger - INFO - simulate_system_fue:916 - [REQ100019] BEFORE → GB=390 GC=1018 GD=653 NC=1438 FUE=616
2026-06-10 14:24:23 - app_logger - INFO - simulate_system_fue:917 - [REQ100019] AFTER  → GB=384 GC=1024 GD=653 NC=1438 FUE=611
2026-06-10 14:24:23 - app_logger - INFO - simulate_system_fue:918 - [REQ100019] FUE saved=5, Users impacted=6
2026-06-10 14:24:23 - app_logger - INFO - simulate_system_fue:940 - [REQ100019] OptSimResult committed.
2026-06-10 14:24:23 - app_logger - INFO - _write_output_file:984 - Output snapshot → output/SYS_2-REQ100019-20260610-142423.json
2026-06-10 14:24:23 - app_logger - INFO - run_optimization_processing:747 - [REQ100019] run_optimization_processing() complete.
2026-06-10 14:24:23 - app_logger - INFO - process_optimization_in_background:393 - [REQ100019] Processing finished → STATUS=COMPLETED
2026-06-10 14:24:23 - app_logger - INFO - get_all_requests:108 - Request received — list all optimisation requests.
2026-06-10 14:24:23 - app_logger - INFO - get_all_requests:111 - Returning 20 request(s).
2026-06-10 14:24:38 - app_logger - INFO - get_all_requests:108 - Request received — list all optimisation requests.
2026-06-10 14:24:38 - app_logger - INFO - get_all_requests:111 - Returning 20 request(s).
2026-06-10 14:24:53 - app_logger - INFO - get_all_requests:108 - Request received — list all optimisation requests.
2026-06-10 14:24:53 - app_logger - INFO - get_all_requests:111 - Returning 20 request(s).
2026-06-10 14:24:59 - app_logger - INFO - get_sim_results_by_request_id:186 - Fetching sim results for req_id='REQ100019', system='SYS_2'.
2026-06-10 14:24:59 - app_logger - INFO - get_results_by_request_id:138 - Fetching AI results for req_id='REQ100019'.
2026-06-10 14:24:59 - app_logger - INFO - get_sim_results_by_request_id:199 - Found 1 sim result row(s) for req_id='REQ100019'.
2026-06-10 14:24:59 - app_logger - INFO - get_results_by_request_id:148 - Found 1 AI result row(s) for req_id='REQ100019'.
2026-06-10 14:25:38 - app_logger - INFO - get_fue_dashboard:1121 - [Stage 6] Fetching FUE Dashboard for SYS_2
2026-06-10 14:25:38 - app_logger - INFO - get_user_role_summary_tablename:96 - Generated user-role summary license table name for system 'SYS_2'
2026-06-10 14:25:38 - app_logger - INFO - create_user_lic_summary_model:575 - Model for table 'Z_FUE_SYS_2_USER_LICENSE_SUMMARY' found in cache. Returning cached model.
2026-06-10 14:25:38 - app_logger - INFO - get_role_lice_data_summary_tablename:86 - Generated role license summary info table name for system 'SYS_2'
2026-06-10 14:25:38 - app_logger - INFO - create_role_lic_summary_model:531 - Model for table 'Z_FUE_SYS_2_ROLE_LICENSE_SUMMARY' found in cache. Returning cached model.
2026-06-10 14:25:39 - fue_calculation_logger - INFO - get_role_details:36 - Fetching role details for system: 'SYS_2'
2026-06-10 14:25:39 - app_logger - INFO - get_role_lice_data_summary_tablename:86 - Generated role license summary info table name for system 'SYS_2'
2026-06-10 14:25:39 - app_logger - INFO - get_agr_users_tablename:34 - Generated user role mapping agr_users table name for system 'SYS_2'
2026-06-10 14:25:39 - fue_calculation_logger - INFO - get_role_details:77 - Successfully fetched 2681 roles for system 'SYS_2'.
2026-06-10 14:26:02 - app_logger - INFO - get_fue_dashboard:1121 - [Stage 6] Fetching FUE Dashboard for SYS_2
2026-06-10 14:26:02 - app_logger - INFO - get_user_role_summary_tablename:96 - Generated user-role summary license table name for system 'SYS_2'
2026-06-10 14:26:02 - app_logger - INFO - create_user_lic_summary_model:575 - Model for table 'Z_FUE_SYS_2_USER_LICENSE_SUMMARY' found in cache. Returning cached model.
2026-06-10 14:26:02 - app_logger - INFO - get_role_lice_data_summary_tablename:86 - Generated role license summary info table name for system 'SYS_2'
2026-06-10 14:26:02 - app_logger - INFO - create_role_lic_summary_model:531 - Model for table 'Z_FUE_SYS_2_ROLE_LICENSE_SUMMARY' found in cache. Returning cached model.
2026-06-10 14:26:03 - app_logger - INFO - get_simulation_results:753 - Fetching simulation results for system 'SYS_2'
2026-06-10 14:26:03 - app_logger - INFO - get_simulation_result_tablename:108 - Generated simulation_result table name for system 'SYS_2'
2026-06-10 14:26:03 - app_logger - INFO - create_simulation_result_model:618 - Creating new dynamic SimulationResult model for table 'Z_FUE_SYS_2_SIMULATION_RESULT'
2026-06-10 14:26:03 - app_logger - INFO - create_simulation_result_model:627 - Successfully created dynamic SimulationResult model for table 'Z_FUE_SYS_2_SIMULATION_RESULT'
2026-06-10 14:26:07 - app_logger - INFO - get_simulation_role_details:60 - Fetching simulation role details for system 'SYS_2'
2026-06-10 14:26:07 - app_logger - INFO - get_role_lice_data_summary_tablename:86 - Generated role license summary info table name for system 'SYS_2'
2026-06-10 14:26:07 - app_logger - INFO - create_role_lic_summary_model:531 - Model for table 'Z_FUE_SYS_2_ROLE_LICENSE_SUMMARY' found in cache. Returning cached model.
2026-06-10 14:26:07 - app_logger - INFO - get_agr_users_tablename:34 - Generated user role mapping agr_users table name for system 'SYS_2'
2026-06-10 14:26:07 - app_logger - INFO - create_AGRUSERS_model:350 - Model for table 'Z_FUE_SYS_2_USER_ROLE_MAPPING' found in cache. Returning cached model.
2026-06-10 14:26:26 - app_logger - INFO - get_specific_role_simulation_details:145 - Fetching simulation details for role 'Z:FI:FDBD:MD' in system 'SYS_2'
2026-06-10 14:26:26 - app_logger - INFO - get_role_lic_sim_tablename:102 - Generated role_lic_sim table name for system 'SYS_2'
2026-06-10 14:26:26 - app_logger - INFO - create_role_lic_sim_model:597 - Creating new dynamic RoleLicSim model for table 'Z_FUE_SYS_2_ROLE_LIC_SIM'
2026-06-10 14:26:26 - app_logger - INFO - create_role_lic_sim_model:606 - Successfully created dynamic RoleLicSim model for table 'Z_FUE_SYS_2_ROLE_LIC_SIM'
2026-06-10 14:27:45 - app_logger - INFO - get_all_requests:108 - Request received — list all optimisation requests.
2026-06-10 14:27:45 - app_logger - INFO - get_all_requests:111 - Returning 20 request(s).
2026-06-10 14:27:46 - app_logger - INFO - get_results_by_request_id:138 - Fetching AI results for req_id='REQ100019'.
2026-06-10 14:27:46 - app_logger - INFO - get_sim_results_by_request_id:186 - Fetching sim results for req_id='REQ100019', system='SYS_2'.
2026-06-10 14:27:46 - app_logger - INFO - get_results_by_request_id:148 - Found 1 AI result row(s) for req_id='REQ100019'.
2026-06-10 14:27:46 - app_logger - INFO - get_sim_results_by_request_id:199 - Found 1 sim result row(s) for req_id='REQ100019'.
2026-06-10 14:28:51 - app_logger - INFO - get_specific_role_simulation_details:145 - Fetching simulation details for role 'Z:FI:FDBD:MD' in system 'SYS_2'
2026-06-10 14:28:51 - app_logger - INFO - get_role_lic_sim_tablename:102 - Generated role_lic_sim table name for system 'SYS_2'
2026-06-10 14:28:51 - app_logger - INFO - create_role_lic_sim_model:594 - Model for table 'Z_FUE_SYS_2_ROLE_LIC_SIM' found in cache.
2026-06-10 14:30:39 - app_logger - INFO - get_simulation_role_details:60 - Fetching simulation role details for system 'SYS_2'
2026-06-10 14:30:39 - app_logger - INFO - get_role_lice_data_summary_tablename:86 - Generated role license summary info table name for system 'SYS_2'
2026-06-10 14:30:39 - app_logger - INFO - create_role_lic_summary_model:531 - Model for table 'Z_FUE_SYS_2_ROLE_LICENSE_SUMMARY' found in cache. Returning cached model.
2026-06-10 14:30:39 - app_logger - INFO - get_agr_users_tablename:34 - Generated user role mapping agr_users table name for system 'SYS_2'
2026-06-10 14:30:39 - app_logger - INFO - create_AGRUSERS_model:350 - Model for table 'Z_FUE_SYS_2_USER_ROLE_MAPPING' found in cache. Returning cached model.
2026-06-10 14:30:42 - app_logger - INFO - get_specific_role_simulation_details:145 - Fetching simulation details for role 'Z:FI:FDBD:MD' in system 'SYS_2'
2026-06-10 14:30:42 - app_logger - INFO - get_role_lic_sim_tablename:102 - Generated role_lic_sim table name for system 'SYS_2'
2026-06-10 14:30:42 - app_logger - INFO - create_role_lic_sim_model:594 - Model for table 'Z_FUE_SYS_2_ROLE_LIC_SIM' found in cache.
2026-06-10 14:31:08 - app_logger - INFO - get_fue_dashboard:1121 - [Stage 6] Fetching FUE Dashboard for SYS_2
2026-06-10 14:31:08 - app_logger - INFO - get_user_role_summary_tablename:96 - Generated user-role summary license table name for system 'SYS_2'
2026-06-10 14:31:08 - app_logger - INFO - create_user_lic_summary_model:575 - Model for table 'Z_FUE_SYS_2_USER_LICENSE_SUMMARY' found in cache. Returning cached model.
2026-06-10 14:31:08 - app_logger - INFO - get_role_lice_data_summary_tablename:86 - Generated role license summary info table name for system 'SYS_2'
2026-06-10 14:31:08 - app_logger - INFO - create_role_lic_summary_model:531 - Model for table 'Z_FUE_SYS_2_ROLE_LICENSE_SUMMARY' found in cache. Returning cached model.
2026-06-10 14:31:08 - app_logger - INFO - get_simulation_results:753 - Fetching simulation results for system 'SYS_2'
2026-06-10 14:31:08 - app_logger - INFO - get_simulation_result_tablename:108 - Generated simulation_result table name for system 'SYS_2'
2026-06-10 14:31:08 - app_logger - INFO - create_simulation_result_model:615 - Model for table 'Z_FUE_SYS_2_SIMULATION_RESULT' found in cache.
2026-06-10 14:31:12 - app_logger - INFO - get_simulation_role_details:60 - Fetching simulation role details for system 'SYS_2'
2026-06-10 14:31:12 - app_logger - INFO - get_role_lice_data_summary_tablename:86 - Generated role license summary info table name for system 'SYS_2'
2026-06-10 14:31:12 - app_logger - INFO - create_role_lic_summary_model:531 - Model for table 'Z_FUE_SYS_2_ROLE_LICENSE_SUMMARY' found in cache. Returning cached model.
2026-06-10 14:31:12 - app_logger - INFO - get_agr_users_tablename:34 - Generated user role mapping agr_users table name for system 'SYS_2'
2026-06-10 14:31:12 - app_logger - INFO - create_AGRUSERS_model:350 - Model for table 'Z_FUE_SYS_2_USER_ROLE_MAPPING' found in cache. Returning cached model.
2026-06-10 14:31:21 - app_logger - INFO - get_specific_role_simulation_details:145 - Fetching simulation details for role 'Z:FI:FDBD:MD' in system 'SYS_2'
2026-06-10 14:31:21 - app_logger - INFO - get_role_lic_sim_tablename:102 - Generated role_lic_sim table name for system 'SYS_2'
2026-06-10 14:31:21 - app_logger - INFO - create_role_lic_sim_model:594 - Model for table 'Z_FUE_SYS_2_ROLE_LIC_SIM' found in cache.
2026-06-10 14:33:40 - app_logger - INFO - get_simulation_role_details:60 - Fetching simulation role details for system 'SYS_2'
2026-06-10 14:33:40 - app_logger - INFO - get_role_lice_data_summary_tablename:86 - Generated role license summary info table name for system 'SYS_2'
2026-06-10 14:33:40 - app_logger - INFO - create_role_lic_summary_model:531 - Model for table 'Z_FUE_SYS_2_ROLE_LICENSE_SUMMARY' found in cache. Returning cached model.
2026-06-10 14:33:40 - app_logger - INFO - get_agr_users_tablename:34 - Generated user role mapping agr_users table name for system 'SYS_2'
2026-06-10 14:33:40 - app_logger - INFO - create_AGRUSERS_model:350 - Model for table 'Z_FUE_SYS_2_USER_ROLE_MAPPING' found in cache. Returning cached model.
2026-06-10 14:33:55 - app_logger - INFO - get_specific_role_simulation_details:145 - Fetching simulation details for role 'Z:FI:FDBD:MD' in system 'SYS_2'
2026-06-10 14:33:55 - app_logger - INFO - get_role_lic_sim_tablename:102 - Generated role_lic_sim table name for system 'SYS_2'
2026-06-10 14:33:55 - app_logger - INFO - create_role_lic_sim_model:594 - Model for table 'Z_FUE_SYS_2_ROLE_LIC_SIM' found in cache.
2026-06-10 14:41:48 - app_logger - INFO - get_fue_dashboard:1121 - [Stage 6] Fetching FUE Dashboard for SYS_2
2026-06-10 14:41:48 - app_logger - INFO - get_user_role_summary_tablename:96 - Generated user-role summary license table name for system 'SYS_2'
2026-06-10 14:41:48 - app_logger - INFO - create_user_lic_summary_model:575 - Model for table 'Z_FUE_SYS_2_USER_LICENSE_SUMMARY' found in cache. Returning cached model.
2026-06-10 14:41:48 - app_logger - INFO - get_role_lice_data_summary_tablename:86 - Generated role license summary info table name for system 'SYS_2'
2026-06-10 14:41:48 - app_logger - INFO - create_role_lic_summary_model:531 - Model for table 'Z_FUE_SYS_2_ROLE_LICENSE_SUMMARY' found in cache. Returning cached model.
2026-06-10 14:41:49 - app_logger - INFO - get_simulation_results:753 - Fetching simulation results for system 'SYS_2'
2026-06-10 14:41:49 - app_logger - INFO - get_simulation_result_tablename:108 - Generated simulation_result table name for system 'SYS_2'
2026-06-10 14:41:49 - app_logger - INFO - create_simulation_result_model:615 - Model for table 'Z_FUE_SYS_2_SIMULATION_RESULT' found in cache.
2026-06-10 14:41:51 - app_logger - INFO - get_simulation_results:753 - Fetching simulation results for system 'SYS_2'
2026-06-10 14:41:51 - app_logger - INFO - get_simulation_result_tablename:108 - Generated simulation_result table name for system 'SYS_2'
2026-06-10 14:41:51 - app_logger - INFO - create_simulation_result_model:615 - Model for table 'Z_FUE_SYS_2_SIMULATION_RESULT' found in cache.
2026-06-10 14:41:51 - app_logger - INFO - get_fue_dashboard:1121 - [Stage 6] Fetching FUE Dashboard for SYS_2
2026-06-10 14:41:51 - app_logger - INFO - get_user_role_summary_tablename:96 - Generated user-role summary license table name for system 'SYS_2'
2026-06-10 14:41:51 - app_logger - INFO - create_user_lic_summary_model:575 - Model for table 'Z_FUE_SYS_2_USER_LICENSE_SUMMARY' found in cache. Returning cached model.
2026-06-10 14:41:51 - app_logger - INFO - get_role_lice_data_summary_tablename:86 - Generated role license summary info table name for system 'SYS_2'
2026-06-10 14:41:51 - app_logger - INFO - create_role_lic_summary_model:531 - Model for table 'Z_FUE_SYS_2_ROLE_LICENSE_SUMMARY' found in cache. Returning cached model.
2026-06-10 14:41:51 - app_logger - INFO - get_simulation_results:753 - Fetching simulation results for system 'SYS_2'
2026-06-10 14:41:51 - app_logger - INFO - get_simulation_result_tablename:108 - Generated simulation_result table name for system 'SYS_2'
2026-06-10 14:41:51 - app_logger - INFO - create_simulation_result_model:615 - Model for table 'Z_FUE_SYS_2_SIMULATION_RESULT' found in cache.
2026-06-10 14:41:51 - app_logger - INFO - get_fue_dashboard:1121 - [Stage 6] Fetching FUE Dashboard for SYS_2
2026-06-10 14:41:51 - app_logger - INFO - get_user_role_summary_tablename:96 - Generated user-role summary license table name for system 'SYS_2'
2026-06-10 14:41:51 - app_logger - INFO - create_user_lic_summary_model:575 - Model for table 'Z_FUE_SYS_2_USER_LICENSE_SUMMARY' found in cache. Returning cached model.
2026-06-10 14:41:51 - app_logger - INFO - get_role_lice_data_summary_tablename:86 - Generated role license summary info table name for system 'SYS_2'
2026-06-10 14:41:51 - app_logger - INFO - create_role_lic_summary_model:531 - Model for table 'Z_FUE_SYS_2_ROLE_LICENSE_SUMMARY' found in cache. Returning cached model.
2026-06-10 14:42:24 - app_logger - INFO - get_fue_dashboard:1121 - [Stage 6] Fetching FUE Dashboard for SYS_2
2026-06-10 14:42:24 - app_logger - INFO - get_user_role_summary_tablename:96 - Generated user-role summary license table name for system 'SYS_2'
2026-06-10 14:42:24 - app_logger - INFO - create_user_lic_summary_model:575 - Model for table 'Z_FUE_SYS_2_USER_LICENSE_SUMMARY' found in cache. Returning cached model.
2026-06-10 14:42:24 - app_logger - INFO - get_role_lice_data_summary_tablename:86 - Generated role license summary info table name for system 'SYS_2'
2026-06-10 14:42:24 - app_logger - INFO - create_role_lic_summary_model:531 - Model for table 'Z_FUE_SYS_2_ROLE_LICENSE_SUMMARY' found in cache. Returning cached model.
2026-06-10 14:42:25 - app_logger - INFO - get_simulation_results:753 - Fetching simulation results for system 'SYS_2'
2026-06-10 14:42:25 - app_logger - INFO - get_simulation_result_tablename:108 - Generated simulation_result table name for system 'SYS_2'
2026-06-10 14:42:25 - app_logger - INFO - create_simulation_result_model:615 - Model for table 'Z_FUE_SYS_2_SIMULATION_RESULT' found in cache.
2026-06-10 14:42:28 - app_logger - INFO - get_simulation_results:753 - Fetching simulation results for system 'SYS_2'
2026-06-10 14:42:28 - app_logger - INFO - get_simulation_result_tablename:108 - Generated simulation_result table name for system 'SYS_2'
2026-06-10 14:42:28 - app_logger - INFO - create_simulation_result_model:615 - Model for table 'Z_FUE_SYS_2_SIMULATION_RESULT' found in cache.
2026-06-10 14:42:28 - app_logger - INFO - get_fue_dashboard:1121 - [Stage 6] Fetching FUE Dashboard for SYS_2
2026-06-10 14:42:28 - app_logger - INFO - get_user_role_summary_tablename:96 - Generated user-role summary license table name for system 'SYS_2'
2026-06-10 14:42:28 - app_logger - INFO - create_user_lic_summary_model:575 - Model for table 'Z_FUE_SYS_2_USER_LICENSE_SUMMARY' found in cache. Returning cached model.
2026-06-10 14:42:28 - app_logger - INFO - get_role_lice_data_summary_tablename:86 - Generated role license summary info table name for system 'SYS_2'
2026-06-10 14:42:28 - app_logger - INFO - create_role_lic_summary_model:531 - Model for table 'Z_FUE_SYS_2_ROLE_LICENSE_SUMMARY' found in cache. Returning cached model.
2026-06-10 14:42:29 - app_logger - INFO - get_simulation_results:753 - Fetching simulation results for system 'SYS_2'
2026-06-10 14:42:29 - app_logger - INFO - get_simulation_result_tablename:108 - Generated simulation_result table name for system 'SYS_2'
2026-06-10 14:42:29 - app_logger - INFO - create_simulation_result_model:615 - Model for table 'Z_FUE_SYS_2_SIMULATION_RESULT' found in cache.
2026-06-10 14:42:29 - app_logger - INFO - get_fue_dashboard:1121 - [Stage 6] Fetching FUE Dashboard for SYS_2
2026-06-10 14:42:29 - app_logger - INFO - get_user_role_summary_tablename:96 - Generated user-role summary license table name for system 'SYS_2'
2026-06-10 14:42:29 - app_logger - INFO - create_user_lic_summary_model:575 - Model for table 'Z_FUE_SYS_2_USER_LICENSE_SUMMARY' found in cache. Returning cached model.
2026-06-10 14:42:29 - app_logger - INFO - get_role_lice_data_summary_tablename:86 - Generated role license summary info table name for system 'SYS_2'
2026-06-10 14:42:29 - app_logger - INFO - create_role_lic_summary_model:531 - Model for table 'Z_FUE_SYS_2_ROLE_LICENSE_SUMMARY' found in cache. Returning cached model.
2026-06-10 14:43:22 - app_logger - INFO - get_fue_dashboard:1121 - [Stage 6] Fetching FUE Dashboard for SYS_2
2026-06-10 14:43:22 - app_logger - INFO - get_user_role_summary_tablename:96 - Generated user-role summary license table name for system 'SYS_2'
2026-06-10 14:43:22 - app_logger - INFO - create_user_lic_summary_model:575 - Model for table 'Z_FUE_SYS_2_USER_LICENSE_SUMMARY' found in cache. Returning cached model.
2026-06-10 14:43:22 - app_logger - INFO - get_role_lice_data_summary_tablename:86 - Generated role license summary info table name for system 'SYS_2'
2026-06-10 14:43:22 - app_logger - INFO - create_role_lic_summary_model:531 - Model for table 'Z_FUE_SYS_2_ROLE_LICENSE_SUMMARY' found in cache. Returning cached model.
2026-06-10 14:43:22 - app_logger - INFO - get_simulation_results:753 - Fetching simulation results for system 'SYS_2'
2026-06-10 14:43:22 - app_logger - INFO - get_simulation_result_tablename:108 - Generated simulation_result table name for system 'SYS_2'
2026-06-10 14:43:22 - app_logger - INFO - create_simulation_result_model:615 - Model for table 'Z_FUE_SYS_2_SIMULATION_RESULT' found in cache.
2026-06-10 14:43:28 - app_logger - INFO - get_simulation_role_details:60 - Fetching simulation role details for system 'SYS_2'
2026-06-10 14:43:28 - app_logger - INFO - get_role_lice_data_summary_tablename:86 - Generated role license summary info table name for system 'SYS_2'
2026-06-10 14:43:28 - app_logger - INFO - create_role_lic_summary_model:531 - Model for table 'Z_FUE_SYS_2_ROLE_LICENSE_SUMMARY' found in cache. Returning cached model.
2026-06-10 14:43:29 - app_logger - INFO - get_agr_users_tablename:34 - Generated user role mapping agr_users table name for system 'SYS_2'
2026-06-10 14:43:29 - app_logger - INFO - create_AGRUSERS_model:350 - Model for table 'Z_FUE_SYS_2_USER_ROLE_MAPPING' found in cache. Returning cached model.
2026-06-10 14:43:46 - app_logger - INFO - get_specific_role_simulation_details:145 - Fetching simulation details for role 'Z:FI:FDBD:MD' in system 'SYS_2'
2026-06-10 14:43:46 - app_logger - INFO - get_role_lic_sim_tablename:102 - Generated role_lic_sim table name for system 'SYS_2'
2026-06-10 14:43:46 - app_logger - INFO - create_role_lic_sim_model:594 - Model for table 'Z_FUE_SYS_2_ROLE_LIC_SIM' found in cache.
2026-06-10 14:46:19 - app_logger - INFO - get_sim_results_by_request_id:186 - Fetching sim results for req_id='REQ100019', system='SYS_2'.
2026-06-10 14:46:19 - app_logger - INFO - get_results_by_request_id:138 - Fetching AI results for req_id='REQ100019'.
2026-06-10 14:46:19 - app_logger - INFO - get_results_by_request_id:148 - Found 1 AI result row(s) for req_id='REQ100019'.
2026-06-10 14:46:19 - app_logger - INFO - get_sim_results_by_request_id:199 - Found 1 sim result row(s) for req_id='REQ100019'.
2026-06-10 14:52:58 - app_logger - INFO - get_all_requests:108 - Request received — list all optimisation requests.
2026-06-10 14:52:58 - app_logger - INFO - get_all_requests:111 - Returning 20 request(s).
2026-06-10 14:52:59 - app_logger - INFO - get_sim_results_by_request_id:186 - Fetching sim results for req_id='REQ100019', system='SYS_2'.
2026-06-10 14:52:59 - app_logger - INFO - get_results_by_request_id:138 - Fetching AI results for req_id='REQ100019'.
2026-06-10 14:53:00 - app_logger - INFO - get_results_by_request_id:148 - Found 1 AI result row(s) for req_id='REQ100019'.
2026-06-10 14:53:00 - app_logger - INFO - get_sim_results_by_request_id:199 - Found 1 sim result row(s) for req_id='REQ100019'.
2026-06-10 15:00:03 - app_logger - INFO - get_sim_results_by_request_id:186 - Fetching sim results for req_id='REQ100019', system='SYS_2'.
2026-06-10 15:00:03 - app_logger - INFO - get_results_by_request_id:138 - Fetching AI results for req_id='REQ100019'.
2026-06-10 15:00:03 - app_logger - INFO - get_sim_results_by_request_id:199 - Found 1 sim result row(s) for req_id='REQ100019'.
2026-06-10 15:00:03 - app_logger - INFO - get_results_by_request_id:148 - Found 1 AI result row(s) for req_id='REQ100019'.
2026-06-10 15:00:04 - app_logger - INFO - get_fue_dashboard:1121 - [Stage 6] Fetching FUE Dashboard for SYS_2
2026-06-10 15:00:04 - app_logger - INFO - get_user_role_summary_tablename:96 - Generated user-role summary license table name for system 'SYS_2'
2026-06-10 15:00:04 - app_logger - INFO - create_user_lic_summary_model:575 - Model for table 'Z_FUE_SYS_2_USER_LICENSE_SUMMARY' found in cache. Returning cached model.
2026-06-10 15:00:04 - app_logger - INFO - get_role_lice_data_summary_tablename:86 - Generated role license summary info table name for system 'SYS_2'
2026-06-10 15:00:04 - app_logger - INFO - create_role_lic_summary_model:531 - Model for table 'Z_FUE_SYS_2_ROLE_LICENSE_SUMMARY' found in cache. Returning cached model.
2026-06-10 15:05:52 - app_logger - INFO - get_agr_1251_tablename:29 - Generated role auth table agr_1251_name for system 'SYS_2'
2026-06-10 15:05:52 - app_logger - INFO - get_agr_users_tablename:34 - Generated user role mapping agr_users table name for system 'SYS_2'
2026-06-10 15:05:52 - app_logger - INFO - get_agr_define_tablename:39 - Generated parent child role mapping table name for system 'SYS_2'
2026-06-10 15:05:52 - app_logger - INFO - get_agr_agrs_tablename:44 - Generated Composite roles data table name for system 'SYS_2'
2026-06-10 15:05:52 - app_logger - INFO - get_usr02_tablename:49 - Generated USER_DATA table name for system 'SYS_2'
2026-06-10 15:05:52 - app_logger - INFO - get_transaction_usage_data_tablename:54 - Generated transaction_usage_data table name for system 'SYS_2'
2026-06-10 15:05:52 - app_logger - INFO - get_tcode_data_tablename:65 - Generated tcode text data name for system 'SYS_2'
2026-06-10 15:05:52 - app_logger - INFO - get_flpca_data_tablename:60 - Generated flpca table name for system 'SYS_2'
2026-06-10 15:05:52 - app_logger - INFO - get_usobxC_data_tablename:70 - Generated tcode text data name for system 'SYS_2'
2026-06-10 15:05:52 - app_logger - INFO - get_obj_text_data_tablename:76 - Generated tcode text data name for system 'SYS_2'
2026-06-10 15:05:52 - app_logger - INFO - get_tables_for_client_system:340 - Successfully fetched tables ['Z_FUE_CLIENT_SYS_INFO', 'Z_FUE_SYS_2_COMPOSITE_ROLE_DATA', 'Z_FUE_SYS_2_TRANSACTION_USAGE', 'Z_FUE_SYS_2_USER_DATA', 'Z_FUE_SYS_2_ROLE_LIC_SIM', 'Z_FUE_SYS_2_TCODE_TEXT DATA', 'Z_FUE_LOG_FILE', 'Z_FUE_SYS_2_SIMULATION_RESULT', 'Z_FUE_RULESET', 'Z_FUE_SYS_2_ROLE_LICENSE_SUMMARY', 'Z_FUE_SYS_2_FIORI DATA', 'Z_FUE_FDP100_ROLE_LICENSE_SUMMARY', 'Z_FUE_SYS_2_USER_ROLE_MAPPING', 'Z_FUE_SYS_2_ROLE_OBJ_LICENSE_INFO', 'Z_FUE_SYS_2_PARENT_CHILD_ROLE_MAPPING', 'Z_FUE_FDP100_USER_ROLE_MAPPING', 'Z_FUE_AI_MODEL_CONFIG', 'Z_FUE_SYS_2_USOBX_C DATA', 'Z_FUE_SYS_2_ROLE_AUTH_INFO', 'Z_FUE_SYS_2_OBJ_TEXT DATA', 'Z_FUE_OPT_REQUESTS', 'Z_FUE_OPT_RESULTS', 'Z_FUE_SYS_2_OPT_SIM_RESULT', 'Z_ACTVT_TEXT', 'Z_FUE_SYS_2_USER_ROLE_LICENSE_INFO', 'Z_FUE_SYS_2_USER_LICENSE_SUMMARY', 'Z_FUE_HISTORY'] for  and system: SYS_2.
2026-06-10 15:06:38 - app_logger - INFO - get_fue_dashboard:1121 - [Stage 6] Fetching FUE Dashboard for SYS_2
2026-06-10 15:06:38 - app_logger - INFO - get_user_role_summary_tablename:96 - Generated user-role summary license table name for system 'SYS_2'
2026-06-10 15:06:38 - app_logger - INFO - create_user_lic_summary_model:575 - Model for table 'Z_FUE_SYS_2_USER_LICENSE_SUMMARY' found in cache. Returning cached model.
2026-06-10 15:06:38 - app_logger - INFO - get_role_lice_data_summary_tablename:86 - Generated role license summary info table name for system 'SYS_2'
2026-06-10 15:06:38 - app_logger - INFO - create_role_lic_summary_model:531 - Model for table 'Z_FUE_SYS_2_ROLE_LICENSE_SUMMARY' found in cache. Returning cached model.
2026-06-10 15:06:38 - fue_calculation_logger - INFO - get_role_details:36 - Fetching role details for system: 'SYS_2'
2026-06-10 15:06:38 - app_logger - INFO - get_role_lice_data_summary_tablename:86 - Generated role license summary info table name for system 'SYS_2'
2026-06-10 15:06:38 - app_logger - INFO - get_agr_users_tablename:34 - Generated user role mapping agr_users table name for system 'SYS_2'
2026-06-10 15:06:39 - fue_calculation_logger - INFO - get_role_details:77 - Successfully fetched 2681 roles for system 'SYS_2'.
2026-06-10 15:07:16 - fue_calculation_logger - INFO - get_users_by_role:225 - Fetching users for role: 'Z:FI:FDBD:COST:ACCOUNTANT' in system: 'SYS_2'
2026-06-10 15:07:16 - app_logger - INFO - get_user_role_data_tablename:91 - Generated user-role license info table name for system 'SYS_2'
2026-06-10 15:07:16 - fue_calculation_logger - INFO - get_users_by_role:252 - Successfully fetched 12 users for role 'Z:FI:FDBD:COST:ACCOUNTANT'.
2026-06-10 15:07:16 - fue_calculation_logger - INFO - get_users_by_role:225 - Fetching users for role: 'Z:FI:FDBD:COST:ACCOUNTANT' in system: 'SYS_2'
2026-06-10 15:07:16 - app_logger - INFO - get_user_role_data_tablename:91 - Generated user-role license info table name for system 'SYS_2'
2026-06-10 15:07:16 - fue_calculation_logger - INFO - get_users_by_role:252 - Successfully fetched 12 users for role 'Z:FI:FDBD:COST:ACCOUNTANT'.
2026-06-10 15:07:29 - app_logger - INFO - get_fue_dashboard:1121 - [Stage 6] Fetching FUE Dashboard for SYS_2
2026-06-10 15:07:29 - app_logger - INFO - get_user_role_summary_tablename:96 - Generated user-role summary license table name for system 'SYS_2'
2026-06-10 15:07:29 - app_logger - INFO - create_user_lic_summary_model:575 - Model for table 'Z_FUE_SYS_2_USER_LICENSE_SUMMARY' found in cache. Returning cached model.
2026-06-10 15:07:29 - app_logger - INFO - get_role_lice_data_summary_tablename:86 - Generated role license summary info table name for system 'SYS_2'
2026-06-10 15:07:29 - app_logger - INFO - create_role_lic_summary_model:531 - Model for table 'Z_FUE_SYS_2_ROLE_LICENSE_SUMMARY' found in cache. Returning cached model.
2026-06-10 15:07:29 - fue_calculation_logger - INFO - get_role_details:36 - Fetching role details for system: 'SYS_2'
2026-06-10 15:07:29 - app_logger - INFO - get_role_lice_data_summary_tablename:86 - Generated role license summary info table name for system 'SYS_2'
2026-06-10 15:07:29 - app_logger - INFO - get_agr_users_tablename:34 - Generated user role mapping agr_users table name for system 'SYS_2'
2026-06-10 15:07:30 - fue_calculation_logger - INFO - get_role_details:77 - Successfully fetched 2681 roles for system 'SYS_2'.
2026-06-10 15:07:36 - fue_calculation_logger - INFO - get_specific_role_details:123 - Fetching details for role: '/ISDFPS/ROLE_GEN_TESTER' for system: 'SYS_2'
2026-06-10 15:07:36 - app_logger - INFO - get_role_lice_data_summary_tablename:86 - Generated role license summary info table name for system 'SYS_2'
2026-06-10 15:07:36 - app_logger - INFO - get_role_lice_data_tablename:81 - Generated role object license info table name for system 'SYS_2'
2026-06-10 15:07:36 - fue_calculation_logger - INFO - get_specific_role_details:178 - Successfully fetched details for role '/ISDFPS/ROLE_GEN_TESTER'. Found 22 authorization objects.
2026-06-10 15:07:36 - fue_calculation_logger - INFO - get_specific_role_details:123 - Fetching details for role: '/ISDFPS/ROLE_GEN_TESTER' for system: 'SYS_2'
2026-06-10 15:07:36 - app_logger - INFO - get_role_lice_data_summary_tablename:86 - Generated role license summary info table name for system 'SYS_2'
2026-06-10 15:07:36 - app_logger - INFO - get_role_lice_data_tablename:81 - Generated role object license info table name for system 'SYS_2'
2026-06-10 15:07:36 - fue_calculation_logger - INFO - get_specific_role_details:178 - Successfully fetched details for role '/ISDFPS/ROLE_GEN_TESTER'. Found 22 authorization objects.
2026-06-10 15:07:54 - fue_calculation_logger - INFO - get_specific_role_details:123 - Fetching details for role: '/ISDFPS/ROLE_GEN_TESTER' for system: 'SYS_2'
2026-06-10 15:07:54 - app_logger - INFO - get_role_lice_data_summary_tablename:86 - Generated role license summary info table name for system 'SYS_2'
2026-06-10 15:07:54 - app_logger - INFO - get_role_lice_data_tablename:81 - Generated role object license info table name for system 'SYS_2'
2026-06-10 15:07:54 - fue_calculation_logger - INFO - get_specific_role_details:178 - Successfully fetched details for role '/ISDFPS/ROLE_GEN_TESTER'. Found 22 authorization objects.
2026-06-10 15:07:54 - app_logger - INFO - get_fue_dashboard:1121 - [Stage 6] Fetching FUE Dashboard for SYS_2
2026-06-10 15:07:54 - app_logger - INFO - get_user_role_summary_tablename:96 - Generated user-role summary license table name for system 'SYS_2'
2026-06-10 15:07:54 - app_logger - INFO - create_user_lic_summary_model:575 - Model for table 'Z_FUE_SYS_2_USER_LICENSE_SUMMARY' found in cache. Returning cached model.
2026-06-10 15:07:54 - app_logger - INFO - get_role_lice_data_summary_tablename:86 - Generated role license summary info table name for system 'SYS_2'
2026-06-10 15:07:54 - app_logger - INFO - create_role_lic_summary_model:531 - Model for table 'Z_FUE_SYS_2_ROLE_LICENSE_SUMMARY' found in cache. Returning cached model.
2026-06-10 15:07:55 - fue_calculation_logger - INFO - get_role_details:36 - Fetching role details for system: 'SYS_2'
2026-06-10 15:07:55 - app_logger - INFO - get_role_lice_data_summary_tablename:86 - Generated role license summary info table name for system 'SYS_2'
2026-06-10 15:07:55 - app_logger - INFO - get_agr_users_tablename:34 - Generated user role mapping agr_users table name for system 'SYS_2'
2026-06-10 15:07:55 - fue_calculation_logger - INFO - get_role_details:77 - Successfully fetched 2681 roles for system 'SYS_2'.
2026-06-10 15:08:06 - app_logger - INFO - get_fue_dashboard:1121 - [Stage 6] Fetching FUE Dashboard for SYS_2
2026-06-10 15:08:06 - app_logger - INFO - get_user_role_summary_tablename:96 - Generated user-role summary license table name for system 'SYS_2'
2026-06-10 15:08:06 - app_logger - INFO - create_user_lic_summary_model:575 - Model for table 'Z_FUE_SYS_2_USER_LICENSE_SUMMARY' found in cache. Returning cached model.
2026-06-10 15:08:06 - app_logger - INFO - get_role_lice_data_summary_tablename:86 - Generated role license summary info table name for system 'SYS_2'
2026-06-10 15:08:06 - app_logger - INFO - create_role_lic_summary_model:531 - Model for table 'Z_FUE_SYS_2_ROLE_LICENSE_SUMMARY' found in cache. Returning cached model.
2026-06-10 15:08:07 - app_logger - INFO - get_simulation_results:753 - Fetching simulation results for system 'SYS_2'
2026-06-10 15:08:07 - app_logger - INFO - get_simulation_result_tablename:108 - Generated simulation_result table name for system 'SYS_2'
2026-06-10 15:08:07 - app_logger - INFO - create_simulation_result_model:615 - Model for table 'Z_FUE_SYS_2_SIMULATION_RESULT' found in cache.
2026-06-10 15:08:59 - app_logger - INFO - get_simulation_results:753 - Fetching simulation results for system 'SYS_2'
2026-06-10 15:08:59 - app_logger - INFO - get_simulation_result_tablename:108 - Generated simulation_result table name for system 'SYS_2'
2026-06-10 15:08:59 - app_logger - INFO - create_simulation_result_model:615 - Model for table 'Z_FUE_SYS_2_SIMULATION_RESULT' found in cache.
2026-06-10 15:08:59 - app_logger - INFO - get_fue_dashboard:1121 - [Stage 6] Fetching FUE Dashboard for SYS_2
2026-06-10 15:08:59 - app_logger - INFO - get_user_role_summary_tablename:96 - Generated user-role summary license table name for system 'SYS_2'
2026-06-10 15:08:59 - app_logger - INFO - create_user_lic_summary_model:575 - Model for table 'Z_FUE_SYS_2_USER_LICENSE_SUMMARY' found in cache. Returning cached model.
2026-06-10 15:08:59 - app_logger - INFO - get_role_lice_data_summary_tablename:86 - Generated role license summary info table name for system 'SYS_2'
2026-06-10 15:08:59 - app_logger - INFO - create_role_lic_summary_model:531 - Model for table 'Z_FUE_SYS_2_ROLE_LICENSE_SUMMARY' found in cache. Returning cached model.
2026-06-10 15:08:59 - app_logger - INFO - get_simulation_results:753 - Fetching simulation results for system 'SYS_2'
2026-06-10 15:08:59 - app_logger - INFO - get_simulation_result_tablename:108 - Generated simulation_result table name for system 'SYS_2'
2026-06-10 15:08:59 - app_logger - INFO - create_simulation_result_model:615 - Model for table 'Z_FUE_SYS_2_SIMULATION_RESULT' found in cache.
2026-06-10 15:08:59 - app_logger - INFO - get_fue_dashboard:1121 - [Stage 6] Fetching FUE Dashboard for SYS_2
2026-06-10 15:08:59 - app_logger - INFO - get_user_role_summary_tablename:96 - Generated user-role summary license table name for system 'SYS_2'
2026-06-10 15:08:59 - app_logger - INFO - create_user_lic_summary_model:575 - Model for table 'Z_FUE_SYS_2_USER_LICENSE_SUMMARY' found in cache. Returning cached model.
2026-06-10 15:08:59 - app_logger - INFO - get_role_lice_data_summary_tablename:86 - Generated role license summary info table name for system 'SYS_2'
2026-06-10 15:08:59 - app_logger - INFO - create_role_lic_summary_model:531 - Model for table 'Z_FUE_SYS_2_ROLE_LICENSE_SUMMARY' found in cache. Returning cached model.
2026-06-10 15:09:23 - app_logger - INFO - get_fue_dashboard:1121 - [Stage 6] Fetching FUE Dashboard for SYS_2
2026-06-10 15:09:23 - app_logger - INFO - get_user_role_summary_tablename:96 - Generated user-role summary license table name for system 'SYS_2'
2026-06-10 15:09:23 - app_logger - INFO - create_user_lic_summary_model:575 - Model for table 'Z_FUE_SYS_2_USER_LICENSE_SUMMARY' found in cache. Returning cached model.
2026-06-10 15:09:23 - app_logger - INFO - get_role_lice_data_summary_tablename:86 - Generated role license summary info table name for system 'SYS_2'
2026-06-10 15:09:23 - app_logger - INFO - create_role_lic_summary_model:531 - Model for table 'Z_FUE_SYS_2_ROLE_LICENSE_SUMMARY' found in cache. Returning cached model.
2026-06-10 15:09:24 - app_logger - INFO - get_simulation_results:753 - Fetching simulation results for system 'SYS_2'
2026-06-10 15:09:24 - app_logger - INFO - get_simulation_result_tablename:108 - Generated simulation_result table name for system 'SYS_2'
2026-06-10 15:09:24 - app_logger - INFO - create_simulation_result_model:615 - Model for table 'Z_FUE_SYS_2_SIMULATION_RESULT' found in cache.
2026-06-10 15:09:29 - app_logger - INFO - get_simulation_role_details:60 - Fetching simulation role details for system 'SYS_2'
2026-06-10 15:09:29 - app_logger - INFO - get_role_lice_data_summary_tablename:86 - Generated role license summary info table name for system 'SYS_2'
2026-06-10 15:09:29 - app_logger - INFO - create_role_lic_summary_model:531 - Model for table 'Z_FUE_SYS_2_ROLE_LICENSE_SUMMARY' found in cache. Returning cached model.
2026-06-10 15:09:29 - app_logger - INFO - get_agr_users_tablename:34 - Generated user role mapping agr_users table name for system 'SYS_2'
2026-06-10 15:09:29 - app_logger - INFO - create_AGRUSERS_model:350 - Model for table 'Z_FUE_SYS_2_USER_ROLE_MAPPING' found in cache. Returning cached model.
2026-06-10 15:10:26 - app_logger - INFO - get_simulation_role_details:60 - Fetching simulation role details for system 'SYS_2'
2026-06-10 15:10:26 - app_logger - INFO - get_role_lice_data_summary_tablename:86 - Generated role license summary info table name for system 'SYS_2'
2026-06-10 15:10:26 - app_logger - INFO - create_role_lic_summary_model:531 - Model for table 'Z_FUE_SYS_2_ROLE_LICENSE_SUMMARY' found in cache. Returning cached model.
2026-06-10 15:10:26 - app_logger - INFO - get_agr_users_tablename:34 - Generated user role mapping agr_users table name for system 'SYS_2'
2026-06-10 15:10:26 - app_logger - INFO - create_AGRUSERS_model:350 - Model for table 'Z_FUE_SYS_2_USER_ROLE_MAPPING' found in cache. Returning cached model.
2026-06-10 15:10:31 - app_logger - INFO - get_specific_role_simulation_details:145 - Fetching simulation details for role 'ZM_ETO_M_FI' in system 'SYS_2'
2026-06-10 15:10:31 - app_logger - INFO - get_role_lic_sim_tablename:102 - Generated role_lic_sim table name for system 'SYS_2'
2026-06-10 15:10:31 - app_logger - INFO - create_role_lic_sim_model:594 - Model for table 'Z_FUE_SYS_2_ROLE_LIC_SIM' found in cache.
2026-06-10 15:10:53 - app_logger - INFO - get_auth_field_license_data:329 - Fetching auth field license data for object='F_BKPF_BLA', field='ACTVT', system='SYS_2'
2026-06-10 15:10:53 - app_logger - INFO - get_auth_field_license_data:357 - Found 11 license options for object='F_BKPF_BLA', field='ACTVT'
2026-06-10 15:10:53 - app_logger - INFO - get_auth_field_license_data:329 - Fetching auth field license data for object='F_BKPF_BLA', field='ACTVT', system='SYS_2'
2026-06-10 15:10:53 - app_logger - INFO - get_auth_field_license_data:357 - Found 11 license options for object='F_BKPF_BLA', field='ACTVT'
2026-06-10 15:13:04 - app_logger - INFO - get_specific_role_simulation_details:145 - Fetching simulation details for role 'Z:FI:FDBD:MD' in system 'SYS_2'
2026-06-10 15:13:04 - app_logger - INFO - get_role_lic_sim_tablename:102 - Generated role_lic_sim table name for system 'SYS_2'
2026-06-10 15:13:04 - app_logger - INFO - create_role_lic_sim_model:594 - Model for table 'Z_FUE_SYS_2_ROLE_LIC_SIM' found in cache.
2026-06-10 15:13:19 - app_logger - INFO - apply_simulation_changes:275 - Applying 2 simulation changes for system 'SYS_2'
2026-06-10 15:13:19 - app_logger - INFO - get_simulation_result_tablename:108 - Generated simulation_result table name for system 'SYS_2'
2026-06-10 15:13:19 - app_logger - INFO - create_simulation_result_model:615 - Model for table 'Z_FUE_SYS_2_SIMULATION_RESULT' found in cache.
2026-06-10 15:13:19 - app_logger - INFO - apply_simulation_changes:305 - Created 2 initial result records for simulation 'SIM000186AE'
2026-06-10 15:13:19 - app_logger - INFO - process_simulation_sync:338 - Starting background simulation processing for 'SIM000186AE'
2026-06-10 15:13:19 - app_logger - INFO - process_simulation_background:366 - Processing simulation 'SIM000186AE' for system 'SYS_2'
2026-06-10 15:13:19 - app_logger - INFO - get_role_lic_sim_tablename:102 - Generated role_lic_sim table name for system 'SYS_2'
2026-06-10 15:13:19 - app_logger - INFO - create_role_lic_sim_model:594 - Model for table 'Z_FUE_SYS_2_ROLE_LIC_SIM' found in cache.
2026-06-10 15:13:19 - app_logger - INFO - get_simulation_result_tablename:108 - Generated simulation_result table name for system 'SYS_2'
2026-06-10 15:13:19 - app_logger - INFO - create_simulation_result_model:615 - Model for table 'Z_FUE_SYS_2_SIMULATION_RESULT' found in cache.
2026-06-10 15:13:20 - app_logger - INFO - get_fue_dashboard:1121 - [Stage 6] Fetching FUE Dashboard for SYS_2
2026-06-10 15:13:20 - app_logger - INFO - get_user_role_summary_tablename:96 - Generated user-role summary license table name for system 'SYS_2'
2026-06-10 15:13:20 - app_logger - INFO - create_user_lic_summary_model:575 - Model for table 'Z_FUE_SYS_2_USER_LICENSE_SUMMARY' found in cache. Returning cached model.
2026-06-10 15:13:20 - app_logger - INFO - get_role_lice_data_summary_tablename:86 - Generated role license summary info table name for system 'SYS_2'
2026-06-10 15:13:20 - app_logger - INFO - create_role_lic_summary_model:531 - Model for table 'Z_FUE_SYS_2_ROLE_LICENSE_SUMMARY' found in cache. Returning cached model.
2026-06-10 15:13:20 - app_logger - INFO - process_simulation_background:450 - Applied all changes to simulation table for 'SIM000186AE'
2026-06-10 15:13:20 - app_logger - INFO - calculate_simulation_fue:568 - === STARTING FUE CALCULATION for SYS_2 ===
2026-06-10 15:13:20 - app_logger - INFO - get_role_lic_sim_tablename:102 - Generated role_lic_sim table name for system 'SYS_2'
2026-06-10 15:13:20 - app_logger - INFO - create_role_lic_sim_model:594 - Model for table 'Z_FUE_SYS_2_ROLE_LIC_SIM' found in cache.
2026-06-10 15:13:20 - app_logger - INFO - get_agr_users_tablename:34 - Generated user role mapping agr_users table name for system 'SYS_2'
2026-06-10 15:13:20 - app_logger - INFO - create_AGRUSERS_model:350 - Model for table 'Z_FUE_SYS_2_USER_ROLE_MAPPING' found in cache. Returning cached model.
2026-06-10 15:13:20 - app_logger - INFO - get_usr02_tablename:49 - Generated USER_DATA table name for system 'SYS_2'
2026-06-10 15:13:20 - app_logger - INFO - create_USR02_model:404 - Model for table 'Z_FUE_SYS_2_USER_DATA' not in cache. Creating a new dynamic model.
2026-06-10 15:13:20 - app_logger - INFO - create_USR02_model:411 - Successfully created dynamic model for table 'Z_FUE_SYS_2_USER_DATA'
2026-06-10 15:13:20 - app_logger - INFO - calculate_simulation_fue:579 - STEP 1: Getting most restrictive license per role...
2026-06-10 15:13:20 - app_logger - INFO - get_simulation_results:753 - Fetching simulation results for system 'SYS_2'
2026-06-10 15:13:20 - app_logger - INFO - get_simulation_result_tablename:108 - Generated simulation_result table name for system 'SYS_2'
2026-06-10 15:13:20 - app_logger - INFO - create_simulation_result_model:615 - Model for table 'Z_FUE_SYS_2_SIMULATION_RESULT' found in cache.
2026-06-10 15:13:21 - app_logger - INFO - get_simulation_results:753 - Fetching simulation results for system 'SYS_2'
2026-06-10 15:13:21 - app_logger - INFO - get_simulation_result_tablename:108 - Generated simulation_result table name for system 'SYS_2'
2026-06-10 15:13:21 - app_logger - INFO - create_simulation_result_model:615 - Model for table 'Z_FUE_SYS_2_SIMULATION_RESULT' found in cache.
2026-06-10 15:13:21 - app_logger - INFO - get_simulation_results:753 - Fetching simulation results for system 'SYS_2'
2026-06-10 15:13:21 - app_logger - INFO - get_simulation_result_tablename:108 - Generated simulation_result table name for system 'SYS_2'
2026-06-10 15:13:21 - app_logger - INFO - create_simulation_result_model:615 - Model for table 'Z_FUE_SYS_2_SIMULATION_RESULT' found in cache.
2026-06-10 15:13:25 - app_logger - INFO - get_simulation_results:753 - Fetching simulation results for system 'SYS_2'
2026-06-10 15:13:25 - app_logger - INFO - get_simulation_result_tablename:108 - Generated simulation_result table name for system 'SYS_2'
2026-06-10 15:13:25 - app_logger - INFO - create_simulation_result_model:615 - Model for table 'Z_FUE_SYS_2_SIMULATION_RESULT' found in cache.
2026-06-10 15:13:25 - app_logger - INFO - get_simulation_results:753 - Fetching simulation results for system 'SYS_2'
2026-06-10 15:13:25 - app_logger - INFO - get_simulation_result_tablename:108 - Generated simulation_result table name for system 'SYS_2'
2026-06-10 15:13:25 - app_logger - INFO - create_simulation_result_model:615 - Model for table 'Z_FUE_SYS_2_SIMULATION_RESULT' found in cache.
2026-06-10 15:13:30 - app_logger - INFO - get_simulation_results:753 - Fetching simulation results for system 'SYS_2'
2026-06-10 15:13:30 - app_logger - INFO - get_simulation_result_tablename:108 - Generated simulation_result table name for system 'SYS_2'
2026-06-10 15:13:30 - app_logger - INFO - create_simulation_result_model:615 - Model for table 'Z_FUE_SYS_2_SIMULATION_RESULT' found in cache.
2026-06-10 15:13:31 - app_logger - INFO - get_simulation_results:753 - Fetching simulation results for system 'SYS_2'
2026-06-10 15:13:31 - app_logger - INFO - get_simulation_result_tablename:108 - Generated simulation_result table name for system 'SYS_2'
2026-06-10 15:13:31 - app_logger - INFO - create_simulation_result_model:615 - Model for table 'Z_FUE_SYS_2_SIMULATION_RESULT' found in cache.
2026-06-10 15:13:32 - app_logger - INFO - get_fue_dashboard:1121 - [Stage 6] Fetching FUE Dashboard for SYS_2
2026-06-10 15:13:32 - app_logger - INFO - get_user_role_summary_tablename:96 - Generated user-role summary license table name for system 'SYS_2'
2026-06-10 15:13:32 - app_logger - INFO - create_user_lic_summary_model:575 - Model for table 'Z_FUE_SYS_2_USER_LICENSE_SUMMARY' found in cache. Returning cached model.
2026-06-10 15:13:32 - app_logger - INFO - get_role_lice_data_summary_tablename:86 - Generated role license summary info table name for system 'SYS_2'
2026-06-10 15:13:32 - app_logger - INFO - create_role_lic_summary_model:531 - Model for table 'Z_FUE_SYS_2_ROLE_LICENSE_SUMMARY' found in cache. Returning cached model.
2026-06-10 15:13:32 - app_logger - INFO - get_simulation_results:753 - Fetching simulation results for system 'SYS_2'
2026-06-10 15:13:32 - app_logger - INFO - get_simulation_result_tablename:108 - Generated simulation_result table name for system 'SYS_2'
2026-06-10 15:13:32 - app_logger - INFO - create_simulation_result_model:615 - Model for table 'Z_FUE_SYS_2_SIMULATION_RESULT' found in cache.
2026-06-10 15:13:33 - app_logger - INFO - get_fue_dashboard:1121 - [Stage 6] Fetching FUE Dashboard for SYS_2
2026-06-10 15:13:33 - app_logger - INFO - get_user_role_summary_tablename:96 - Generated user-role summary license table name for system 'SYS_2'
2026-06-10 15:13:33 - app_logger - INFO - create_user_lic_summary_model:575 - Model for table 'Z_FUE_SYS_2_USER_LICENSE_SUMMARY' found in cache. Returning cached model.
2026-06-10 15:13:33 - app_logger - INFO - get_role_lice_data_summary_tablename:86 - Generated role license summary info table name for system 'SYS_2'
2026-06-10 15:13:33 - app_logger - INFO - create_role_lic_summary_model:531 - Model for table 'Z_FUE_SYS_2_ROLE_LICENSE_SUMMARY' found in cache. Returning cached model.
2026-06-10 15:13:34 - app_logger - INFO - get_simulation_results:753 - Fetching simulation results for system 'SYS_2'
2026-06-10 15:13:34 - app_logger - INFO - get_simulation_result_tablename:108 - Generated simulation_result table name for system 'SYS_2'
2026-06-10 15:13:34 - app_logger - INFO - create_simulation_result_model:615 - Model for table 'Z_FUE_SYS_2_SIMULATION_RESULT' found in cache.
2026-06-10 15:13:35 - app_logger - INFO - calculate_simulation_fue:588 - Active simulation records: 493374
2026-06-10 15:13:35 - app_logger - INFO - get_simulation_results:753 - Fetching simulation results for system 'SYS_2'
2026-06-10 15:13:35 - app_logger - INFO - get_simulation_result_tablename:108 - Generated simulation_result table name for system 'SYS_2'
2026-06-10 15:13:35 - app_logger - INFO - create_simulation_result_model:615 - Model for table 'Z_FUE_SYS_2_SIMULATION_RESULT' found in cache.
2026-06-10 15:13:36 - app_logger - INFO - calculate_simulation_fue:596 - Unique roles in simulation: 2897
2026-06-10 15:13:37 - app_logger - INFO - calculate_simulation_fue:609 - Role license distribution: {'GC Core Use': 715, 'GD Self-Service Use': 1154, 'GB Advanced Use': 812, 'Not Classified': 216}
2026-06-10 15:13:37 - app_logger - INFO - calculate_simulation_fue:612 - STEP 2: Mapping roles to users...
2026-06-10 15:13:38 - app_logger - INFO - calculate_simulation_fue:615 - Total user-role mappings: 68634
2026-06-10 15:13:39 - app_logger - INFO - calculate_simulation_fue:629 - Total users with licenses: 3499
2026-06-10 15:13:39 - app_logger - INFO - calculate_simulation_fue:632 - STEP 3: Checking for locked users...
2026-06-10 15:13:39 - app_logger - INFO - calculate_simulation_fue:635 - USR02 records loaded: 4073
2026-06-10 15:13:39 - app_logger - INFO - calculate_simulation_fue:638 - STEP 4: Calculating final user licenses with locked override...
2026-06-10 15:13:39 - app_logger - INFO - calculate_simulation_fue:659 - Locked users downgraded to NC: 1439
2026-06-10 15:13:39 - app_logger - INFO - calculate_simulation_fue:660 - User license counts (after locked override): {'Not Classified': 1439, 'GC Core Use': 1018, 'GB Advanced Use': 387, 'GD Self-Service Use': 655}
2026-06-10 15:13:39 - app_logger - INFO - calculate_simulation_fue:668 - Final counts: GB=387, GC=1018, GD=655, NC=1439
2026-06-10 15:13:39 - app_logger - INFO - calculate_simulation_fue:676 - === FINAL FUE ===
2026-06-10 15:13:39 - app_logger - INFO - calculate_simulation_fue:677 - GB: 387 USERS × 1.0 = 387 FUE
2026-06-10 15:13:39 - app_logger - INFO - calculate_simulation_fue:678 - GC: 1018 USERS × 0.2 = 204 FUE
2026-06-10 15:13:39 - app_logger - INFO - calculate_simulation_fue:679 - GD: 655 USERS × 0.0333 = 22 FUE
2026-06-10 15:13:39 - app_logger - INFO - calculate_simulation_fue:680 - TOTAL: 613 FUE
2026-06-10 15:13:39 - app_logger - INFO - calculate_simulation_fue:681 - LOCKED: 1439 users downgraded to NC
2026-06-10 15:13:40 - app_logger - INFO - get_simulation_results:753 - Fetching simulation results for system 'SYS_2'
2026-06-10 15:13:40 - app_logger - INFO - get_simulation_result_tablename:108 - Generated simulation_result table name for system 'SYS_2'
2026-06-10 15:13:40 - app_logger - INFO - create_simulation_result_model:615 - Model for table 'Z_FUE_SYS_2_SIMULATION_RESULT' found in cache.
2026-06-10 15:13:40 - app_logger - INFO - process_simulation_background:490 - Simulation 'SIM000186AE' completed successfully
2026-06-10 15:13:45 - app_logger - INFO - get_simulation_results:753 - Fetching simulation results for system 'SYS_2'
2026-06-10 15:13:45 - app_logger - INFO - get_simulation_result_tablename:108 - Generated simulation_result table name for system 'SYS_2'
2026-06-10 15:13:45 - app_logger - INFO - create_simulation_result_model:615 - Model for table 'Z_FUE_SYS_2_SIMULATION_RESULT' found in cache.
2026-06-10 15:13:49 - app_logger - INFO - get_fue_dashboard:1121 - [Stage 6] Fetching FUE Dashboard for SYS_2
2026-06-10 15:13:49 - app_logger - INFO - get_user_role_summary_tablename:96 - Generated user-role summary license table name for system 'SYS_2'
2026-06-10 15:13:49 - app_logger - INFO - create_user_lic_summary_model:575 - Model for table 'Z_FUE_SYS_2_USER_LICENSE_SUMMARY' found in cache. Returning cached model.
2026-06-10 15:13:49 - app_logger - INFO - get_role_lice_data_summary_tablename:86 - Generated role license summary info table name for system 'SYS_2'
2026-06-10 15:13:49 - app_logger - INFO - create_role_lic_summary_model:531 - Model for table 'Z_FUE_SYS_2_ROLE_LICENSE_SUMMARY' found in cache. Returning cached model.
2026-06-10 15:13:49 - app_logger - INFO - get_simulation_results:753 - Fetching simulation results for system 'SYS_2'
2026-06-10 15:13:49 - app_logger - INFO - get_simulation_result_tablename:108 - Generated simulation_result table name for system 'SYS_2'
2026-06-10 15:13:49 - app_logger - INFO - create_simulation_result_model:615 - Model for table 'Z_FUE_SYS_2_SIMULATION_RESULT' found in cache.
2026-06-10 15:13:50 - app_logger - INFO - get_simulation_results:753 - Fetching simulation results for system 'SYS_2'
2026-06-10 15:13:50 - app_logger - INFO - get_simulation_result_tablename:108 - Generated simulation_result table name for system 'SYS_2'
2026-06-10 15:13:50 - app_logger - INFO - create_simulation_result_model:615 - Model for table 'Z_FUE_SYS_2_SIMULATION_RESULT' found in cache.
2026-06-10 15:13:53 - app_logger - INFO - get_simulation_results:753 - Fetching simulation results for system 'SYS_2'
2026-06-10 15:13:53 - app_logger - INFO - get_simulation_result_tablename:108 - Generated simulation_result table name for system 'SYS_2'
2026-06-10 15:13:53 - app_logger - INFO - create_simulation_result_model:615 - Model for table 'Z_FUE_SYS_2_SIMULATION_RESULT' found in cache.
2026-06-10 15:13:53 - app_logger - INFO - get_fue_dashboard:1121 - [Stage 6] Fetching FUE Dashboard for SYS_2
2026-06-10 15:13:53 - app_logger - INFO - get_user_role_summary_tablename:96 - Generated user-role summary license table name for system 'SYS_2'
2026-06-10 15:13:53 - app_logger - INFO - create_user_lic_summary_model:575 - Model for table 'Z_FUE_SYS_2_USER_LICENSE_SUMMARY' found in cache. Returning cached model.
2026-06-10 15:13:53 - app_logger - INFO - get_role_lice_data_summary_tablename:86 - Generated role license summary info table name for system 'SYS_2'
2026-06-10 15:13:53 - app_logger - INFO - create_role_lic_summary_model:531 - Model for table 'Z_FUE_SYS_2_ROLE_LICENSE_SUMMARY' found in cache. Returning cached model.
2026-06-10 15:13:53 - app_logger - INFO - get_fue_dashboard:1121 - [Stage 6] Fetching FUE Dashboard for SYS_2
2026-06-10 15:13:53 - app_logger - INFO - get_user_role_summary_tablename:96 - Generated user-role summary license table name for system 'SYS_2'
2026-06-10 15:13:53 - app_logger - INFO - create_user_lic_summary_model:575 - Model for table 'Z_FUE_SYS_2_USER_LICENSE_SUMMARY' found in cache. Returning cached model.
2026-06-10 15:13:53 - app_logger - INFO - get_role_lice_data_summary_tablename:86 - Generated role license summary info table name for system 'SYS_2'
2026-06-10 15:13:53 - app_logger - INFO - create_role_lic_summary_model:531 - Model for table 'Z_FUE_SYS_2_ROLE_LICENSE_SUMMARY' found in cache. Returning cached model.
2026-06-10 15:13:53 - app_logger - INFO - get_simulation_results:753 - Fetching simulation results for system 'SYS_2'
2026-06-10 15:13:53 - app_logger - INFO - get_simulation_result_tablename:108 - Generated simulation_result table name for system 'SYS_2'
2026-06-10 15:13:53 - app_logger - INFO - create_simulation_result_model:615 - Model for table 'Z_FUE_SYS_2_SIMULATION_RESULT' found in cache.
2026-06-10 15:13:55 - app_logger - INFO - get_simulation_results:753 - Fetching simulation results for system 'SYS_2'
2026-06-10 15:13:55 - app_logger - INFO - get_simulation_result_tablename:108 - Generated simulation_result table name for system 'SYS_2'
2026-06-10 15:13:55 - app_logger - INFO - create_simulation_result_model:615 - Model for table 'Z_FUE_SYS_2_SIMULATION_RESULT' found in cache.
2026-06-10 15:14:00 - app_logger - INFO - get_fue_dashboard:1121 - [Stage 6] Fetching FUE Dashboard for SYS_2
2026-06-10 15:14:00 - app_logger - INFO - get_user_role_summary_tablename:96 - Generated user-role summary license table name for system 'SYS_2'
2026-06-10 15:14:00 - app_logger - INFO - create_user_lic_summary_model:575 - Model for table 'Z_FUE_SYS_2_USER_LICENSE_SUMMARY' found in cache. Returning cached model.
2026-06-10 15:14:00 - app_logger - INFO - get_role_lice_data_summary_tablename:86 - Generated role license summary info table name for system 'SYS_2'
2026-06-10 15:14:00 - app_logger - INFO - create_role_lic_summary_model:531 - Model for table 'Z_FUE_SYS_2_ROLE_LICENSE_SUMMARY' found in cache. Returning cached model.
2026-06-10 15:14:00 - app_logger - INFO - get_simulation_results:753 - Fetching simulation results for system 'SYS_2'
2026-06-10 15:14:00 - app_logger - INFO - get_simulation_result_tablename:108 - Generated simulation_result table name for system 'SYS_2'
2026-06-10 15:14:00 - app_logger - INFO - create_simulation_result_model:615 - Model for table 'Z_FUE_SYS_2_SIMULATION_RESULT' found in cache.
2026-06-10 15:14:00 - app_logger - INFO - get_simulation_results:753 - Fetching simulation results for system 'SYS_2'
2026-06-10 15:14:00 - app_logger - INFO - get_simulation_result_tablename:108 - Generated simulation_result table name for system 'SYS_2'
2026-06-10 15:14:00 - app_logger - INFO - create_simulation_result_model:615 - Model for table 'Z_FUE_SYS_2_SIMULATION_RESULT' found in cache.
2026-06-10 15:14:05 - app_logger - INFO - get_simulation_results:753 - Fetching simulation results for system 'SYS_2'
2026-06-10 15:14:05 - app_logger - INFO - get_simulation_result_tablename:108 - Generated simulation_result table name for system 'SYS_2'
2026-06-10 15:14:05 - app_logger - INFO - create_simulation_result_model:615 - Model for table 'Z_FUE_SYS_2_SIMULATION_RESULT' found in cache.
2026-06-10 15:14:10 - app_logger - INFO - get_simulation_results:753 - Fetching simulation results for system 'SYS_2'
2026-06-10 15:14:10 - app_logger - INFO - get_simulation_result_tablename:108 - Generated simulation_result table name for system 'SYS_2'
2026-06-10 15:14:10 - app_logger - INFO - create_simulation_result_model:615 - Model for table 'Z_FUE_SYS_2_SIMULATION_RESULT' found in cache.
2026-06-10 15:14:15 - app_logger - INFO - get_simulation_results:753 - Fetching simulation results for system 'SYS_2'
2026-06-10 15:14:15 - app_logger - INFO - get_simulation_result_tablename:108 - Generated simulation_result table name for system 'SYS_2'
2026-06-10 15:14:15 - app_logger - INFO - create_simulation_result_model:615 - Model for table 'Z_FUE_SYS_2_SIMULATION_RESULT' found in cache.
2026-06-10 15:14:20 - app_logger - INFO - get_simulation_results:753 - Fetching simulation results for system 'SYS_2'
2026-06-10 15:14:20 - app_logger - INFO - get_simulation_result_tablename:108 - Generated simulation_result table name for system 'SYS_2'
2026-06-10 15:14:20 - app_logger - INFO - create_simulation_result_model:615 - Model for table 'Z_FUE_SYS_2_SIMULATION_RESULT' found in cache.
2026-06-10 15:14:25 - app_logger - INFO - get_simulation_results:753 - Fetching simulation results for system 'SYS_2'
2026-06-10 15:14:25 - app_logger - INFO - get_simulation_result_tablename:108 - Generated simulation_result table name for system 'SYS_2'
2026-06-10 15:14:25 - app_logger - INFO - create_simulation_result_model:615 - Model for table 'Z_FUE_SYS_2_SIMULATION_RESULT' found in cache.
2026-06-10 15:14:27 - app_logger - INFO - get_all_requests:108 - Request received — list all optimisation requests.
2026-06-10 15:14:27 - app_logger - INFO - get_all_requests:111 - Returning 20 request(s).
2026-06-10 15:14:30 - app_logger - INFO - get_simulation_results:753 - Fetching simulation results for system 'SYS_2'
2026-06-10 15:14:30 - app_logger - INFO - get_simulation_result_tablename:108 - Generated simulation_result table name for system 'SYS_2'
2026-06-10 15:14:30 - app_logger - INFO - create_simulation_result_model:615 - Model for table 'Z_FUE_SYS_2_SIMULATION_RESULT' found in cache.
2026-06-10 15:14:35 - app_logger - INFO - get_simulation_results:753 - Fetching simulation results for system 'SYS_2'
2026-06-10 15:14:35 - app_logger - INFO - get_simulation_result_tablename:108 - Generated simulation_result table name for system 'SYS_2'
2026-06-10 15:14:35 - app_logger - INFO - create_simulation_result_model:615 - Model for table 'Z_FUE_SYS_2_SIMULATION_RESULT' found in cache.
2026-06-10 15:14:40 - app_logger - INFO - get_simulation_results:753 - Fetching simulation results for system 'SYS_2'
2026-06-10 15:14:40 - app_logger - INFO - get_simulation_result_tablename:108 - Generated simulation_result table name for system 'SYS_2'
2026-06-10 15:14:40 - app_logger - INFO - create_simulation_result_model:615 - Model for table 'Z_FUE_SYS_2_SIMULATION_RESULT' found in cache.
2026-06-10 15:14:42 - app_logger - INFO - get_all_requests:108 - Request received — list all optimisation requests.
2026-06-10 15:14:42 - app_logger - INFO - get_all_requests:111 - Returning 20 request(s).
2026-06-10 15:14:45 - app_logger - INFO - get_simulation_results:753 - Fetching simulation results for system 'SYS_2'
2026-06-10 15:14:45 - app_logger - INFO - get_simulation_result_tablename:108 - Generated simulation_result table name for system 'SYS_2'
2026-06-10 15:14:45 - app_logger - INFO - create_simulation_result_model:615 - Model for table 'Z_FUE_SYS_2_SIMULATION_RESULT' found in cache.
2026-06-10 15:14:48 - ai_config_logger - INFO - get_api_key_status:282 - API key status check: [('anthropic', 'configured'), ('openai', 'configured'), ('ollama', 'configured')]
2026-06-10 15:14:48 - ai_config_logger - INFO - get_all_models:40 - Retrieved 3 AI model configurations
2026-06-10 15:14:48 - ai_config_logger - INFO - get_api_key_status:282 - API key status check: [('anthropic', 'configured'), ('openai', 'configured'), ('ollama', 'configured')]
2026-06-10 15:14:48 - ai_config_logger - INFO - get_all_models:40 - Retrieved 3 AI model configurations
2026-06-10 15:14:50 - app_logger - INFO - get_simulation_results:753 - Fetching simulation results for system 'SYS_2'
2026-06-10 15:14:50 - app_logger - INFO - get_simulation_result_tablename:108 - Generated simulation_result table name for system 'SYS_2'
2026-06-10 15:14:50 - app_logger - INFO - create_simulation_result_model:615 - Model for table 'Z_FUE_SYS_2_SIMULATION_RESULT' found in cache.
2026-06-10 15:14:55 - app_logger - INFO - get_simulation_results:753 - Fetching simulation results for system 'SYS_2'
2026-06-10 15:14:55 - app_logger - INFO - get_simulation_result_tablename:108 - Generated simulation_result table name for system 'SYS_2'
2026-06-10 15:14:55 - app_logger - INFO - create_simulation_result_model:615 - Model for table 'Z_FUE_SYS_2_SIMULATION_RESULT' found in cache.
2026-06-10 15:15:00 - app_logger - INFO - get_all_requests:108 - Request received — list all optimisation requests.
2026-06-10 15:15:00 - app_logger - INFO - get_all_requests:111 - Returning 20 request(s).
2026-06-10 15:15:00 - app_logger - INFO - get_simulation_results:753 - Fetching simulation results for system 'SYS_2'
2026-06-10 15:15:00 - app_logger - INFO - get_simulation_result_tablename:108 - Generated simulation_result table name for system 'SYS_2'
2026-06-10 15:15:00 - app_logger - INFO - create_simulation_result_model:615 - Model for table 'Z_FUE_SYS_2_SIMULATION_RESULT' found in cache.
2026-06-10 15:15:05 - app_logger - INFO - get_simulation_results:753 - Fetching simulation results for system 'SYS_2'
2026-06-10 15:15:05 - app_logger - INFO - get_simulation_result_tablename:108 - Generated simulation_result table name for system 'SYS_2'
2026-06-10 15:15:05 - app_logger - INFO - create_simulation_result_model:615 - Model for table 'Z_FUE_SYS_2_SIMULATION_RESULT' found in cache.
2026-06-10 15:15:07 - app_logger - INFO - get_sim_results_by_request_id:186 - Fetching sim results for req_id='REQ100019', system='SYS_2'.
2026-06-10 15:15:07 - app_logger - INFO - get_results_by_request_id:138 - Fetching AI results for req_id='REQ100019'.
2026-06-10 15:15:07 - app_logger - INFO - get_sim_results_by_request_id:199 - Found 1 sim result row(s) for req_id='REQ100019'.
2026-06-10 15:15:07 - app_logger - INFO - get_results_by_request_id:148 - Found 1 AI result row(s) for req_id='REQ100019'.
2026-06-10 15:15:10 - app_logger - INFO - get_simulation_results:753 - Fetching simulation results for system 'SYS_2'
2026-06-10 15:15:10 - app_logger - INFO - get_simulation_result_tablename:108 - Generated simulation_result table name for system 'SYS_2'
2026-06-10 15:15:10 - app_logger - INFO - create_simulation_result_model:615 - Model for table 'Z_FUE_SYS_2_SIMULATION_RESULT' found in cache.
2026-06-10 15:15:15 - app_logger - INFO - get_simulation_results:753 - Fetching simulation results for system 'SYS_2'
2026-06-10 15:15:15 - app_logger - INFO - get_simulation_result_tablename:108 - Generated simulation_result table name for system 'SYS_2'
2026-06-10 15:15:15 - app_logger - INFO - create_simulation_result_model:615 - Model for table 'Z_FUE_SYS_2_SIMULATION_RESULT' found in cache.
2026-06-10 15:15:20 - app_logger - INFO - get_simulation_results:753 - Fetching simulation results for system 'SYS_2'
2026-06-10 15:15:20 - app_logger - INFO - get_simulation_result_tablename:108 - Generated simulation_result table name for system 'SYS_2'
2026-06-10 15:15:20 - app_logger - INFO - create_simulation_result_model:615 - Model for table 'Z_FUE_SYS_2_SIMULATION_RESULT' found in cache.
2026-06-10 15:15:25 - app_logger - INFO - get_simulation_results:753 - Fetching simulation results for system 'SYS_2'
2026-06-10 15:15:25 - app_logger - INFO - get_simulation_result_tablename:108 - Generated simulation_result table name for system 'SYS_2'
2026-06-10 15:15:25 - app_logger - INFO - create_simulation_result_model:615 - Model for table 'Z_FUE_SYS_2_SIMULATION_RESULT' found in cache.
2026-06-10 15:15:30 - app_logger - INFO - get_simulation_results:753 - Fetching simulation results for system 'SYS_2'
2026-06-10 15:15:30 - app_logger - INFO - get_simulation_result_tablename:108 - Generated simulation_result table name for system 'SYS_2'
2026-06-10 15:15:30 - app_logger - INFO - create_simulation_result_model:615 - Model for table 'Z_FUE_SYS_2_SIMULATION_RESULT' found in cache.
2026-06-10 15:15:35 - app_logger - INFO - get_simulation_results:753 - Fetching simulation results for system 'SYS_2'
2026-06-10 15:15:35 - app_logger - INFO - get_simulation_result_tablename:108 - Generated simulation_result table name for system 'SYS_2'
2026-06-10 15:15:35 - app_logger - INFO - create_simulation_result_model:615 - Model for table 'Z_FUE_SYS_2_SIMULATION_RESULT' found in cache.
2026-06-10 15:15:40 - app_logger - INFO - get_simulation_results:753 - Fetching simulation results for system 'SYS_2'
2026-06-10 15:15:40 - app_logger - INFO - get_simulation_result_tablename:108 - Generated simulation_result table name for system 'SYS_2'
2026-06-10 15:15:40 - app_logger - INFO - create_simulation_result_model:615 - Model for table 'Z_FUE_SYS_2_SIMULATION_RESULT' found in cache.
2026-06-10 15:15:45 - app_logger - INFO - get_simulation_results:753 - Fetching simulation results for system 'SYS_2'
2026-06-10 15:15:45 - app_logger - INFO - get_simulation_result_tablename:108 - Generated simulation_result table name for system 'SYS_2'
2026-06-10 15:15:45 - app_logger - INFO - create_simulation_result_model:615 - Model for table 'Z_FUE_SYS_2_SIMULATION_RESULT' found in cache.
2026-06-10 15:15:50 - app_logger - INFO - get_simulation_results:753 - Fetching simulation results for system 'SYS_2'
2026-06-10 15:15:50 - app_logger - INFO - get_simulation_result_tablename:108 - Generated simulation_result table name for system 'SYS_2'
2026-06-10 15:15:50 - app_logger - INFO - create_simulation_result_model:615 - Model for table 'Z_FUE_SYS_2_SIMULATION_RESULT' found in cache.
2026-06-10 15:15:55 - app_logger - INFO - get_simulation_results:753 - Fetching simulation results for system 'SYS_2'
2026-06-10 15:15:55 - app_logger - INFO - get_simulation_result_tablename:108 - Generated simulation_result table name for system 'SYS_2'
2026-06-10 15:15:55 - app_logger - INFO - create_simulation_result_model:615 - Model for table 'Z_FUE_SYS_2_SIMULATION_RESULT' found in cache.
2026-06-10 15:16:00 - app_logger - INFO - get_simulation_results:753 - Fetching simulation results for system 'SYS_2'
2026-06-10 15:16:00 - app_logger - INFO - get_simulation_result_tablename:108 - Generated simulation_result table name for system 'SYS_2'
2026-06-10 15:16:00 - app_logger - INFO - create_simulation_result_model:615 - Model for table 'Z_FUE_SYS_2_SIMULATION_RESULT' found in cache.
2026-06-10 15:16:05 - app_logger - INFO - get_simulation_results:753 - Fetching simulation results for system 'SYS_2'
2026-06-10 15:16:05 - app_logger - INFO - get_simulation_result_tablename:108 - Generated simulation_result table name for system 'SYS_2'
2026-06-10 15:16:05 - app_logger - INFO - create_simulation_result_model:615 - Model for table 'Z_FUE_SYS_2_SIMULATION_RESULT' found in cache.
2026-06-10 15:16:10 - app_logger - INFO - get_simulation_results:753 - Fetching simulation results for system 'SYS_2'
2026-06-10 15:16:10 - app_logger - INFO - get_simulation_result_tablename:108 - Generated simulation_result table name for system 'SYS_2'
2026-06-10 15:16:10 - app_logger - INFO - create_simulation_result_model:615 - Model for table 'Z_FUE_SYS_2_SIMULATION_RESULT' found in cache.
2026-06-10 15:16:11 - app_logger - INFO - get_all_requests:108 - Request received — list all optimisation requests.
2026-06-10 15:16:11 - app_logger - INFO - get_all_requests:111 - Returning 20 request(s).
2026-06-10 15:16:15 - app_logger - INFO - get_simulation_results:753 - Fetching simulation results for system 'SYS_2'
2026-06-10 15:16:15 - app_logger - INFO - get_simulation_result_tablename:108 - Generated simulation_result table name for system 'SYS_2'
2026-06-10 15:16:15 - app_logger - INFO - create_simulation_result_model:615 - Model for table 'Z_FUE_SYS_2_SIMULATION_RESULT' found in cache.
2026-06-10 15:16:16 - app_logger - INFO - get_sim_results_by_request_id:186 - Fetching sim results for req_id='REQ100017', system='SYS_2'.
2026-06-10 15:16:16 - app_logger - INFO - get_results_by_request_id:138 - Fetching AI results for req_id='REQ100017'.
2026-06-10 15:16:16 - app_logger - INFO - get_results_by_request_id:148 - Found 1 AI result row(s) for req_id='REQ100017'.
2026-06-10 15:16:16 - app_logger - INFO - get_sim_results_by_request_id:199 - Found 1 sim result row(s) for req_id='REQ100017'.
2026-06-10 15:16:18 - app_logger - INFO - get_all_requests:108 - Request received — list all optimisation requests.
2026-06-10 15:16:18 - app_logger - INFO - get_all_requests:111 - Returning 20 request(s).
2026-06-10 15:16:20 - app_logger - INFO - get_simulation_results:753 - Fetching simulation results for system 'SYS_2'
2026-06-10 15:16:20 - app_logger - INFO - get_simulation_result_tablename:108 - Generated simulation_result table name for system 'SYS_2'
2026-06-10 15:16:20 - app_logger - INFO - create_simulation_result_model:615 - Model for table 'Z_FUE_SYS_2_SIMULATION_RESULT' found in cache.
2026-06-10 15:16:21 - app_logger - INFO - get_sim_results_by_request_id:186 - Fetching sim results for req_id='REQ100009', system='SYS_2'.
2026-06-10 15:16:21 - app_logger - INFO - get_results_by_request_id:138 - Fetching AI results for req_id='REQ100009'.
2026-06-10 15:16:21 - app_logger - INFO - get_sim_results_by_request_id:199 - Found 1 sim result row(s) for req_id='REQ100009'.
2026-06-10 15:16:21 - app_logger - INFO - get_results_by_request_id:148 - Found 1 AI result row(s) for req_id='REQ100009'.
2026-06-10 15:16:23 - app_logger - INFO - get_all_requests:108 - Request received — list all optimisation requests.
2026-06-10 15:16:23 - app_logger - INFO - get_all_requests:111 - Returning 20 request(s).
2026-06-10 15:16:25 - app_logger - INFO - get_simulation_results:753 - Fetching simulation results for system 'SYS_2'
2026-06-10 15:16:25 - app_logger - INFO - get_simulation_result_tablename:108 - Generated simulation_result table name for system 'SYS_2'
2026-06-10 15:16:25 - app_logger - INFO - create_simulation_result_model:615 - Model for table 'Z_FUE_SYS_2_SIMULATION_RESULT' found in cache.
2026-06-10 15:16:26 - app_logger - INFO - get_sim_results_by_request_id:186 - Fetching sim results for req_id='REQ100016', system='SYS_2'.
2026-06-10 15:16:26 - app_logger - INFO - get_results_by_request_id:138 - Fetching AI results for req_id='REQ100016'.
2026-06-10 15:16:26 - app_logger - INFO - get_sim_results_by_request_id:199 - Found 1 sim result row(s) for req_id='REQ100016'.
2026-06-10 15:16:26 - app_logger - INFO - get_results_by_request_id:148 - Found 1 AI result row(s) for req_id='REQ100016'.
2026-06-10 15:16:29 - app_logger - INFO - get_all_requests:108 - Request received — list all optimisation requests.
2026-06-10 15:16:29 - app_logger - INFO - get_all_requests:111 - Returning 20 request(s).
2026-06-10 15:16:30 - app_logger - INFO - get_simulation_results:753 - Fetching simulation results for system 'SYS_2'
2026-06-10 15:16:30 - app_logger - INFO - get_simulation_result_tablename:108 - Generated simulation_result table name for system 'SYS_2'
2026-06-10 15:16:30 - app_logger - INFO - create_simulation_result_model:615 - Model for table 'Z_FUE_SYS_2_SIMULATION_RESULT' found in cache.
2026-06-10 15:16:35 - app_logger - INFO - get_simulation_results:753 - Fetching simulation results for system 'SYS_2'
2026-06-10 15:16:35 - app_logger - INFO - get_simulation_result_tablename:108 - Generated simulation_result table name for system 'SYS_2'
2026-06-10 15:16:35 - app_logger - INFO - create_simulation_result_model:615 - Model for table 'Z_FUE_SYS_2_SIMULATION_RESULT' found in cache.
2026-06-10 15:16:38 - app_logger - INFO - get_sim_results_by_request_id:186 - Fetching sim results for req_id='REQ100015', system='SYS_2'.
2026-06-10 15:16:38 - app_logger - INFO - get_sim_results_by_request_id:199 - Found 1 sim result row(s) for req_id='REQ100015'.
2026-06-10 15:16:38 - app_logger - INFO - get_results_by_request_id:138 - Fetching AI results for req_id='REQ100015'.
2026-06-10 15:16:38 - app_logger - INFO - get_results_by_request_id:148 - Found 6 AI result row(s) for req_id='REQ100015'.
2026-06-10 15:16:40 - app_logger - INFO - get_simulation_results:753 - Fetching simulation results for system 'SYS_2'
2026-06-10 15:16:40 - app_logger - INFO - get_simulation_result_tablename:108 - Generated simulation_result table name for system 'SYS_2'
2026-06-10 15:16:40 - app_logger - INFO - create_simulation_result_model:615 - Model for table 'Z_FUE_SYS_2_SIMULATION_RESULT' found in cache.
2026-06-10 15:16:45 - app_logger - INFO - get_simulation_results:753 - Fetching simulation results for system 'SYS_2'
2026-06-10 15:16:45 - app_logger - INFO - get_simulation_result_tablename:108 - Generated simulation_result table name for system 'SYS_2'
2026-06-10 15:16:45 - app_logger - INFO - create_simulation_result_model:615 - Model for table 'Z_FUE_SYS_2_SIMULATION_RESULT' found in cache.
2026-06-10 15:16:50 - app_logger - INFO - get_simulation_results:753 - Fetching simulation results for system 'SYS_2'
2026-06-10 15:16:50 - app_logger - INFO - get_simulation_result_tablename:108 - Generated simulation_result table name for system 'SYS_2'
2026-06-10 15:16:50 - app_logger - INFO - create_simulation_result_model:615 - Model for table 'Z_FUE_SYS_2_SIMULATION_RESULT' found in cache.
2026-06-10 15:16:55 - app_logger - INFO - get_simulation_results:753 - Fetching simulation results for system 'SYS_2'
2026-06-10 15:16:55 - app_logger - INFO - get_simulation_result_tablename:108 - Generated simulation_result table name for system 'SYS_2'
2026-06-10 15:16:55 - app_logger - INFO - create_simulation_result_model:615 - Model for table 'Z_FUE_SYS_2_SIMULATION_RESULT' found in cache.
2026-06-10 15:17:00 - app_logger - INFO - get_simulation_results:753 - Fetching simulation results for system 'SYS_2'
2026-06-10 15:17:00 - app_logger - INFO - get_simulation_result_tablename:108 - Generated simulation_result table name for system 'SYS_2'
2026-06-10 15:17:00 - app_logger - INFO - create_simulation_result_model:615 - Model for table 'Z_FUE_SYS_2_SIMULATION_RESULT' found in cache.
2026-06-10 15:17:05 - app_logger - INFO - get_simulation_results:753 - Fetching simulation results for system 'SYS_2'
2026-06-10 15:17:05 - app_logger - INFO - get_simulation_result_tablename:108 - Generated simulation_result table name for system 'SYS_2'
2026-06-10 15:17:05 - app_logger - INFO - create_simulation_result_model:615 - Model for table 'Z_FUE_SYS_2_SIMULATION_RESULT' found in cache.
2026-06-10 15:17:09 - app_logger - INFO - get_all_requests:108 - Request received — list all optimisation requests.
2026-06-10 15:17:09 - app_logger - INFO - get_all_requests:111 - Returning 20 request(s).
2026-06-10 15:17:10 - app_logger - INFO - get_simulation_results:753 - Fetching simulation results for system 'SYS_2'
2026-06-10 15:17:10 - app_logger - INFO - get_simulation_result_tablename:108 - Generated simulation_result table name for system 'SYS_2'
2026-06-10 15:17:10 - app_logger - INFO - create_simulation_result_model:615 - Model for table 'Z_FUE_SYS_2_SIMULATION_RESULT' found in cache.
2026-06-10 15:17:15 - app_logger - INFO - get_simulation_results:753 - Fetching simulation results for system 'SYS_2'
2026-06-10 15:17:15 - app_logger - INFO - get_simulation_result_tablename:108 - Generated simulation_result table name for system 'SYS_2'
2026-06-10 15:17:15 - app_logger - INFO - create_simulation_result_model:615 - Model for table 'Z_FUE_SYS_2_SIMULATION_RESULT' found in cache.
2026-06-10 15:17:20 - app_logger - INFO - get_simulation_results:753 - Fetching simulation results for system 'SYS_2'
2026-06-10 15:17:20 - app_logger - INFO - get_simulation_result_tablename:108 - Generated simulation_result table name for system 'SYS_2'
2026-06-10 15:17:20 - app_logger - INFO - create_simulation_result_model:615 - Model for table 'Z_FUE_SYS_2_SIMULATION_RESULT' found in cache.
2026-06-10 15:17:24 - app_logger - INFO - get_all_requests:108 - Request received — list all optimisation requests.
2026-06-10 15:17:24 - app_logger - INFO - get_all_requests:111 - Returning 20 request(s).
2026-06-10 15:17:25 - app_logger - INFO - get_simulation_results:753 - Fetching simulation results for system 'SYS_2'
2026-06-10 15:17:25 - app_logger - INFO - get_simulation_result_tablename:108 - Generated simulation_result table name for system 'SYS_2'
2026-06-10 15:17:25 - app_logger - INFO - create_simulation_result_model:615 - Model for table 'Z_FUE_SYS_2_SIMULATION_RESULT' found in cache.
2026-06-10 15:17:30 - app_logger - INFO - get_simulation_results:753 - Fetching simulation results for system 'SYS_2'
2026-06-10 15:17:30 - app_logger - INFO - get_simulation_result_tablename:108 - Generated simulation_result table name for system 'SYS_2'
2026-06-10 15:17:30 - app_logger - INFO - create_simulation_result_model:615 - Model for table 'Z_FUE_SYS_2_SIMULATION_RESULT' found in cache.
2026-06-10 15:17:35 - app_logger - INFO - get_simulation_results:753 - Fetching simulation results for system 'SYS_2'
2026-06-10 15:17:35 - app_logger - INFO - get_simulation_result_tablename:108 - Generated simulation_result table name for system 'SYS_2'
2026-06-10 15:17:35 - app_logger - INFO - create_simulation_result_model:615 - Model for table 'Z_FUE_SYS_2_SIMULATION_RESULT' found in cache.
2026-06-10 15:17:39 - app_logger - INFO - get_all_requests:108 - Request received — list all optimisation requests.
2026-06-10 15:17:39 - app_logger - INFO - get_all_requests:111 - Returning 20 request(s).
2026-06-10 15:17:40 - app_logger - INFO - get_simulation_results:753 - Fetching simulation results for system 'SYS_2'
2026-06-10 15:17:40 - app_logger - INFO - get_simulation_result_tablename:108 - Generated simulation_result table name for system 'SYS_2'
2026-06-10 15:17:40 - app_logger - INFO - create_simulation_result_model:615 - Model for table 'Z_FUE_SYS_2_SIMULATION_RESULT' found in cache.
2026-06-10 15:17:45 - app_logger - INFO - get_simulation_results:753 - Fetching simulation results for system 'SYS_2'
2026-06-10 15:17:45 - app_logger - INFO - get_simulation_result_tablename:108 - Generated simulation_result table name for system 'SYS_2'
2026-06-10 15:17:45 - app_logger - INFO - create_simulation_result_model:615 - Model for table 'Z_FUE_SYS_2_SIMULATION_RESULT' found in cache.
2026-06-10 15:17:50 - app_logger - INFO - get_simulation_results:753 - Fetching simulation results for system 'SYS_2'
2026-06-10 15:17:50 - app_logger - INFO - get_simulation_result_tablename:108 - Generated simulation_result table name for system 'SYS_2'
2026-06-10 15:17:50 - app_logger - INFO - create_simulation_result_model:615 - Model for table 'Z_FUE_SYS_2_SIMULATION_RESULT' found in cache.
2026-06-10 15:17:54 - app_logger - INFO - get_all_requests:108 - Request received — list all optimisation requests.
2026-06-10 15:17:54 - app_logger - INFO - get_all_requests:111 - Returning 20 request(s).
2026-06-10 15:17:55 - app_logger - INFO - get_simulation_results:753 - Fetching simulation results for system 'SYS_2'
2026-06-10 15:17:55 - app_logger - INFO - get_simulation_result_tablename:108 - Generated simulation_result table name for system 'SYS_2'
2026-06-10 15:17:55 - app_logger - INFO - create_simulation_result_model:615 - Model for table 'Z_FUE_SYS_2_SIMULATION_RESULT' found in cache.
2026-06-10 15:18:00 - app_logger - INFO - get_simulation_results:753 - Fetching simulation results for system 'SYS_2'
2026-06-10 15:18:00 - app_logger - INFO - get_simulation_result_tablename:108 - Generated simulation_result table name for system 'SYS_2'
2026-06-10 15:18:00 - app_logger - INFO - create_simulation_result_model:615 - Model for table 'Z_FUE_SYS_2_SIMULATION_RESULT' found in cache.
2026-06-10 15:18:05 - app_logger - INFO - get_simulation_results:753 - Fetching simulation results for system 'SYS_2'
2026-06-10 15:18:05 - app_logger - INFO - get_simulation_result_tablename:108 - Generated simulation_result table name for system 'SYS_2'
2026-06-10 15:18:05 - app_logger - INFO - create_simulation_result_model:615 - Model for table 'Z_FUE_SYS_2_SIMULATION_RESULT' found in cache.
2026-06-10 15:18:09 - app_logger - INFO - get_all_requests:108 - Request received — list all optimisation requests.
2026-06-10 15:18:09 - app_logger - INFO - get_all_requests:111 - Returning 20 request(s).
2026-06-10 15:18:10 - app_logger - INFO - get_simulation_results:753 - Fetching simulation results for system 'SYS_2'
2026-06-10 15:18:10 - app_logger - INFO - get_simulation_result_tablename:108 - Generated simulation_result table name for system 'SYS_2'
2026-06-10 15:18:10 - app_logger - INFO - create_simulation_result_model:615 - Model for table 'Z_FUE_SYS_2_SIMULATION_RESULT' found in cache.
2026-06-10 15:18:15 - app_logger - INFO - get_simulation_results:753 - Fetching simulation results for system 'SYS_2'
2026-06-10 15:18:15 - app_logger - INFO - get_simulation_result_tablename:108 - Generated simulation_result table name for system 'SYS_2'
2026-06-10 15:18:15 - app_logger - INFO - create_simulation_result_model:615 - Model for table 'Z_FUE_SYS_2_SIMULATION_RESULT' found in cache.
2026-06-10 15:18:20 - app_logger - INFO - get_simulation_results:753 - Fetching simulation results for system 'SYS_2'
2026-06-10 15:18:20 - app_logger - INFO - get_simulation_result_tablename:108 - Generated simulation_result table name for system 'SYS_2'
2026-06-10 15:18:20 - app_logger - INFO - create_simulation_result_model:615 - Model for table 'Z_FUE_SYS_2_SIMULATION_RESULT' found in cache.
2026-06-10 15:18:24 - app_logger - INFO - get_all_requests:108 - Request received — list all optimisation requests.
2026-06-10 15:18:24 - app_logger - INFO - get_all_requests:111 - Returning 20 request(s).
2026-06-10 15:18:25 - app_logger - INFO - get_simulation_results:753 - Fetching simulation results for system 'SYS_2'
2026-06-10 15:18:25 - app_logger - INFO - get_simulation_result_tablename:108 - Generated simulation_result table name for system 'SYS_2'
2026-06-10 15:18:25 - app_logger - INFO - create_simulation_result_model:615 - Model for table 'Z_FUE_SYS_2_SIMULATION_RESULT' found in cache.
2026-06-10 15:18:30 - app_logger - INFO - get_simulation_results:753 - Fetching simulation results for system 'SYS_2'
2026-06-10 15:18:30 - app_logger - INFO - get_simulation_result_tablename:108 - Generated simulation_result table name for system 'SYS_2'
2026-06-10 15:18:30 - app_logger - INFO - create_simulation_result_model:615 - Model for table 'Z_FUE_SYS_2_SIMULATION_RESULT' found in cache.
2026-06-10 15:18:35 - app_logger - INFO - get_simulation_results:753 - Fetching simulation results for system 'SYS_2'
2026-06-10 15:18:35 - app_logger - INFO - get_simulation_result_tablename:108 - Generated simulation_result table name for system 'SYS_2'
2026-06-10 15:18:35 - app_logger - INFO - create_simulation_result_model:615 - Model for table 'Z_FUE_SYS_2_SIMULATION_RESULT' found in cache.
2026-06-10 15:18:39 - app_logger - INFO - get_all_requests:108 - Request received — list all optimisation requests.
2026-06-10 15:18:39 - app_logger - INFO - get_all_requests:111 - Returning 20 request(s).
2026-06-10 15:18:40 - app_logger - INFO - get_simulation_results:753 - Fetching simulation results for system 'SYS_2'
2026-06-10 15:18:40 - app_logger - INFO - get_simulation_result_tablename:108 - Generated simulation_result table name for system 'SYS_2'
2026-06-10 15:18:40 - app_logger - INFO - create_simulation_result_model:615 - Model for table 'Z_FUE_SYS_2_SIMULATION_RESULT' found in cache.
2026-06-10 15:18:44 - app_logger - INFO - get_logs:62 - Received request to get logs. Filename provided: None
2026-06-10 15:18:44 - app_logger - INFO - get_logs:159 - Returning details for 12 log files.
2026-06-10 15:18:44 - app_logger - INFO - get_logs:62 - Received request to get logs. Filename provided: None
2026-06-10 15:18:44 - app_logger - INFO - get_logs:159 - Returning details for 12 log files.
2026-06-10 15:18:45 - app_logger - INFO - get_simulation_results:753 - Fetching simulation results for system 'SYS_2'
2026-06-10 15:18:45 - app_logger - INFO - get_simulation_result_tablename:108 - Generated simulation_result table name for system 'SYS_2'
2026-06-10 15:18:45 - app_logger - INFO - create_simulation_result_model:615 - Model for table 'Z_FUE_SYS_2_SIMULATION_RESULT' found in cache.
2026-06-10 15:18:48 - app_logger - INFO - get_logs:62 - Received request to get logs. Filename provided: log-2026-06-10.log
2026-06-10 15:18:48 - app_logger - INFO - get_logs:86 - Successfully read content of log file: log-2026-06-10.log
2026-06-10 15:18:50 - app_logger - INFO - get_simulation_results:753 - Fetching simulation results for system 'SYS_2'
2026-06-10 15:18:50 - app_logger - INFO - get_simulation_result_tablename:108 - Generated simulation_result table name for system 'SYS_2'
2026-06-10 15:18:50 - app_logger - INFO - create_simulation_result_model:615 - Model for table 'Z_FUE_SYS_2_SIMULATION_RESULT' found in cache.
2026-06-10 15:18:55 - app_logger - INFO - get_simulation_results:753 - Fetching simulation results for system 'SYS_2'
2026-06-10 15:18:55 - app_logger - INFO - get_simulation_result_tablename:108 - Generated simulation_result table name for system 'SYS_2'
2026-06-10 15:18:55 - app_logger - INFO - create_simulation_result_model:615 - Model for table 'Z_FUE_SYS_2_SIMULATION_RESULT' found in cache.
2026-06-10 15:19:00 - app_logger - INFO - get_simulation_results:753 - Fetching simulation results for system 'SYS_2'
2026-06-10 15:19:00 - app_logger - INFO - get_simulation_result_tablename:108 - Generated simulation_result table name for system 'SYS_2'
2026-06-10 15:19:00 - app_logger - INFO - create_simulation_result_model:615 - Model for table 'Z_FUE_SYS_2_SIMULATION_RESULT' found in cache.
2026-06-10 15:19:05 - app_logger - INFO - get_simulation_results:753 - Fetching simulation results for system 'SYS_2'
2026-06-10 15:19:05 - app_logger - INFO - get_simulation_result_tablename:108 - Generated simulation_result table name for system 'SYS_2'
2026-06-10 15:19:05 - app_logger - INFO - create_simulation_result_model:615 - Model for table 'Z_FUE_SYS_2_SIMULATION_RESULT' found in cache.
2026-06-10 15:19:10 - app_logger - INFO - get_simulation_results:753 - Fetching simulation results for system 'SYS_2'
2026-06-10 15:19:10 - app_logger - INFO - get_simulation_result_tablename:108 - Generated simulation_result table name for system 'SYS_2'
2026-06-10 15:19:10 - app_logger - INFO - create_simulation_result_model:615 - Model for table 'Z_FUE_SYS_2_SIMULATION_RESULT' found in cache.
2026-06-10 15:19:15 - app_logger - INFO - get_simulation_results:753 - Fetching simulation results for system 'SYS_2'
2026-06-10 15:19:15 - app_logger - INFO - get_simulation_result_tablename:108 - Generated simulation_result table name for system 'SYS_2'
2026-06-10 15:19:15 - app_logger - INFO - create_simulation_result_model:615 - Model for table 'Z_FUE_SYS_2_SIMULATION_RESULT' found in cache.
2026-06-10 15:19:20 - app_logger - INFO - get_simulation_results:753 - Fetching simulation results for system 'SYS_2'
2026-06-10 15:19:20 - app_logger - INFO - get_simulation_result_tablename:108 - Generated simulation_result table name for system 'SYS_2'
2026-06-10 15:19:20 - app_logger - INFO - create_simulation_result_model:615 - Model for table 'Z_FUE_SYS_2_SIMULATION_RESULT' found in cache.
2026-06-10 15:19:25 - app_logger - INFO - get_simulation_results:753 - Fetching simulation results for system 'SYS_2'
2026-06-10 15:19:25 - app_logger - INFO - get_simulation_result_tablename:108 - Generated simulation_result table name for system 'SYS_2'
2026-06-10 15:19:25 - app_logger - INFO - create_simulation_result_model:615 - Model for table 'Z_FUE_SYS_2_SIMULATION_RESULT' found in cache.
2026-06-10 15:19:30 - app_logger - INFO - get_simulation_results:753 - Fetching simulation results for system 'SYS_2'
2026-06-10 15:19:30 - app_logger - INFO - get_simulation_result_tablename:108 - Generated simulation_result table name for system 'SYS_2'
2026-06-10 15:19:30 - app_logger - INFO - create_simulation_result_model:615 - Model for table 'Z_FUE_SYS_2_SIMULATION_RESULT' found in cache.
2026-06-10 15:19:35 - app_logger - INFO - get_simulation_results:753 - Fetching simulation results for system 'SYS_2'
2026-06-10 15:19:35 - app_logger - INFO - get_simulation_result_tablename:108 - Generated simulation_result table name for system 'SYS_2'
2026-06-10 15:19:35 - app_logger - INFO - create_simulation_result_model:615 - Model for table 'Z_FUE_SYS_2_SIMULATION_RESULT' found in cache.
2026-06-10 15:19:40 - app_logger - INFO - get_simulation_results:753 - Fetching simulation results for system 'SYS_2'
2026-06-10 15:19:40 - app_logger - INFO - get_simulation_result_tablename:108 - Generated simulation_result table name for system 'SYS_2'
2026-06-10 15:19:40 - app_logger - INFO - create_simulation_result_model:615 - Model for table 'Z_FUE_SYS_2_SIMULATION_RESULT' found in cache.
2026-06-10 15:19:45 - app_logger - INFO - get_simulation_results:753 - Fetching simulation results for system 'SYS_2'
2026-06-10 15:19:45 - app_logger - INFO - get_simulation_result_tablename:108 - Generated simulation_result table name for system 'SYS_2'
2026-06-10 15:19:45 - app_logger - INFO - create_simulation_result_model:615 - Model for table 'Z_FUE_SYS_2_SIMULATION_RESULT' found in cache.
2026-06-10 15:19:50 - app_logger - INFO - get_simulation_results:753 - Fetching simulation results for system 'SYS_2'
2026-06-10 15:19:50 - app_logger - INFO - get_simulation_result_tablename:108 - Generated simulation_result table name for system 'SYS_2'
2026-06-10 15:19:50 - app_logger - INFO - create_simulation_result_model:615 - Model for table 'Z_FUE_SYS_2_SIMULATION_RESULT' found in cache.
2026-06-10 15:19:55 - app_logger - INFO - get_simulation_results:753 - Fetching simulation results for system 'SYS_2'
2026-06-10 15:19:55 - app_logger - INFO - get_simulation_result_tablename:108 - Generated simulation_result table name for system 'SYS_2'
2026-06-10 15:19:55 - app_logger - INFO - create_simulation_result_model:615 - Model for table 'Z_FUE_SYS_2_SIMULATION_RESULT' found in cache.
2026-06-10 15:20:00 - app_logger - INFO - get_simulation_results:753 - Fetching simulation results for system 'SYS_2'
2026-06-10 15:20:00 - app_logger - INFO - get_simulation_result_tablename:108 - Generated simulation_result table name for system 'SYS_2'
2026-06-10 15:20:00 - app_logger - INFO - create_simulation_result_model:615 - Model for table 'Z_FUE_SYS_2_SIMULATION_RESULT' found in cache.
2026-06-10 15:20:05 - app_logger - INFO - get_simulation_results:753 - Fetching simulation results for system 'SYS_2'
2026-06-10 15:20:05 - app_logger - INFO - get_simulation_result_tablename:108 - Generated simulation_result table name for system 'SYS_2'
2026-06-10 15:20:05 - app_logger - INFO - create_simulation_result_model:615 - Model for table 'Z_FUE_SYS_2_SIMULATION_RESULT' found in cache.
2026-06-10 15:20:10 - app_logger - INFO - get_simulation_results:753 - Fetching simulation results for system 'SYS_2'
2026-06-10 15:20:10 - app_logger - INFO - get_simulation_result_tablename:108 - Generated simulation_result table name for system 'SYS_2'
2026-06-10 15:20:10 - app_logger - INFO - create_simulation_result_model:615 - Model for table 'Z_FUE_SYS_2_SIMULATION_RESULT' found in cache.
2026-06-10 15:20:15 - app_logger - INFO - get_simulation_results:753 - Fetching simulation results for system 'SYS_2'
2026-06-10 15:20:15 - app_logger - INFO - get_simulation_result_tablename:108 - Generated simulation_result table name for system 'SYS_2'
2026-06-10 15:20:15 - app_logger - INFO - create_simulation_result_model:615 - Model for table 'Z_FUE_SYS_2_SIMULATION_RESULT' found in cache.
2026-06-10 15:20:20 - app_logger - INFO - get_simulation_results:753 - Fetching simulation results for system 'SYS_2'
2026-06-10 15:20:20 - app_logger - INFO - get_simulation_result_tablename:108 - Generated simulation_result table name for system 'SYS_2'
2026-06-10 15:20:20 - app_logger - INFO - create_simulation_result_model:615 - Model for table 'Z_FUE_SYS_2_SIMULATION_RESULT' found in cache.
2026-06-10 15:20:23 - app_logger - INFO - get_fue_dashboard:1121 - [Stage 6] Fetching FUE Dashboard for SYS_2
2026-06-10 15:20:23 - app_logger - INFO - get_user_role_summary_tablename:96 - Generated user-role summary license table name for system 'SYS_2'
2026-06-10 15:20:23 - app_logger - INFO - create_user_lic_summary_model:575 - Model for table 'Z_FUE_SYS_2_USER_LICENSE_SUMMARY' found in cache. Returning cached model.
2026-06-10 15:20:23 - app_logger - INFO - get_role_lice_data_summary_tablename:86 - Generated role license summary info table name for system 'SYS_2'
2026-06-10 15:20:23 - app_logger - INFO - create_role_lic_summary_model:531 - Model for table 'Z_FUE_SYS_2_ROLE_LICENSE_SUMMARY' found in cache. Returning cached model.
2026-06-10 15:20:25 - app_logger - INFO - get_simulation_results:753 - Fetching simulation results for system 'SYS_2'
2026-06-10 15:20:25 - app_logger - INFO - get_simulation_result_tablename:108 - Generated simulation_result table name for system 'SYS_2'
2026-06-10 15:20:25 - app_logger - INFO - create_simulation_result_model:615 - Model for table 'Z_FUE_SYS_2_SIMULATION_RESULT' found in cache.
2026-06-10 15:20:30 - app_logger - INFO - get_simulation_results:753 - Fetching simulation results for system 'SYS_2'
2026-06-10 15:20:30 - app_logger - INFO - get_simulation_result_tablename:108 - Generated simulation_result table name for system 'SYS_2'
2026-06-10 15:20:30 - app_logger - INFO - create_simulation_result_model:615 - Model for table 'Z_FUE_SYS_2_SIMULATION_RESULT' found in cache.
2026-06-10 15:20:35 - app_logger - INFO - get_simulation_results:753 - Fetching simulation results for system 'SYS_2'
2026-06-10 15:20:35 - app_logger - INFO - get_simulation_result_tablename:108 - Generated simulation_result table name for system 'SYS_2'
2026-06-10 15:20:35 - app_logger - INFO - create_simulation_result_model:615 - Model for table 'Z_FUE_SYS_2_SIMULATION_RESULT' found in cache.
2026-06-10 15:20:39 - app_logger - INFO - get_fue_dashboard:1121 - [Stage 6] Fetching FUE Dashboard for SYS_2
2026-06-10 15:20:39 - app_logger - INFO - get_user_role_summary_tablename:96 - Generated user-role summary license table name for system 'SYS_2'
2026-06-10 15:20:39 - app_logger - INFO - create_user_lic_summary_model:575 - Model for table 'Z_FUE_SYS_2_USER_LICENSE_SUMMARY' found in cache. Returning cached model.
2026-06-10 15:20:39 - app_logger - INFO - get_role_lice_data_summary_tablename:86 - Generated role license summary info table name for system 'SYS_2'
2026-06-10 15:20:39 - app_logger - INFO - create_role_lic_summary_model:531 - Model for table 'Z_FUE_SYS_2_ROLE_LICENSE_SUMMARY' found in cache. Returning cached model.
2026-06-10 15:26:34 - app_logger - INFO - get_all_requests:108 - Request received — list all optimisation requests.
2026-06-10 15:26:34 - app_logger - INFO - get_all_requests:111 - Returning 20 request(s).
2026-06-10 15:26:49 - app_logger - INFO - get_all_requests:108 - Request received — list all optimisation requests.
2026-06-10 15:26:49 - app_logger - INFO - get_all_requests:111 - Returning 20 request(s).
2026-06-10 15:27:04 - app_logger - INFO - get_all_requests:108 - Request received — list all optimisation requests.
2026-06-10 15:27:04 - app_logger - INFO - get_all_requests:111 - Returning 20 request(s).
2026-06-10 15:27:19 - app_logger - INFO - get_all_requests:108 - Request received — list all optimisation requests.
2026-06-10 15:27:19 - app_logger - INFO - get_all_requests:111 - Returning 20 request(s).
2026-06-10 15:27:34 - app_logger - INFO - get_all_requests:108 - Request received — list all optimisation requests.
2026-06-10 15:27:34 - app_logger - INFO - get_all_requests:111 - Returning 20 request(s).
2026-06-10 15:27:58 - app_logger - INFO - get_all_requests:108 - Request received — list all optimisation requests.
2026-06-10 15:27:58 - app_logger - INFO - get_all_requests:111 - Returning 20 request(s).
2026-06-10 15:28:13 - app_logger - INFO - get_all_requests:108 - Request received — list all optimisation requests.
2026-06-10 15:28:13 - app_logger - INFO - get_all_requests:111 - Returning 20 request(s).
2026-06-10 15:28:28 - app_logger - INFO - get_all_requests:108 - Request received — list all optimisation requests.
2026-06-10 15:28:28 - app_logger - INFO - get_all_requests:111 - Returning 20 request(s).
2026-06-10 15:28:43 - app_logger - INFO - get_all_requests:108 - Request received — list all optimisation requests.
2026-06-10 15:28:43 - app_logger - INFO - get_all_requests:111 - Returning 20 request(s).
2026-06-10 15:28:58 - app_logger - INFO - get_all_requests:108 - Request received — list all optimisation requests.
2026-06-10 15:28:58 - app_logger - INFO - get_all_requests:111 - Returning 20 request(s).
2026-06-10 15:29:13 - app_logger - INFO - get_all_requests:108 - Request received — list all optimisation requests.
2026-06-10 15:29:13 - app_logger - INFO - get_all_requests:111 - Returning 20 request(s).
2026-06-10 15:29:28 - app_logger - INFO - get_all_requests:108 - Request received — list all optimisation requests.
2026-06-10 15:29:28 - app_logger - INFO - get_all_requests:111 - Returning 20 request(s).
2026-06-10 15:29:43 - app_logger - INFO - get_all_requests:108 - Request received — list all optimisation requests.
2026-06-10 15:29:43 - app_logger - INFO - get_all_requests:111 - Returning 20 request(s).
2026-06-10 15:29:58 - app_logger - INFO - get_all_requests:108 - Request received — list all optimisation requests.
2026-06-10 15:29:58 - app_logger - INFO - get_all_requests:111 - Returning 20 request(s).
2026-06-10 15:30:13 - app_logger - INFO - get_all_requests:108 - Request received — list all optimisation requests.
2026-06-10 15:30:13 - app_logger - INFO - get_all_requests:111 - Returning 20 request(s).
2026-06-10 15:30:28 - app_logger - INFO - get_all_requests:108 - Request received — list all optimisation requests.
2026-06-10 15:30:28 - app_logger - INFO - get_all_requests:111 - Returning 20 request(s).
2026-06-10 15:30:43 - app_logger - INFO - get_all_requests:108 - Request received — list all optimisation requests.
2026-06-10 15:30:43 - app_logger - INFO - get_all_requests:111 - Returning 20 request(s).
2026-06-10 15:30:58 - app_logger - INFO - get_all_requests:108 - Request received — list all optimisation requests.
2026-06-10 15:30:58 - app_logger - INFO - get_all_requests:111 - Returning 20 request(s).
2026-06-10 15:31:13 - app_logger - INFO - get_all_requests:108 - Request received — list all optimisation requests.
2026-06-10 15:31:13 - app_logger - INFO - get_all_requests:111 - Returning 20 request(s).
2026-06-10 15:31:28 - app_logger - INFO - get_all_requests:108 - Request received — list all optimisation requests.
2026-06-10 15:31:28 - app_logger - INFO - get_all_requests:111 - Returning 20 request(s).
2026-06-10 15:31:43 - app_logger - INFO - get_all_requests:108 - Request received — list all optimisation requests.
2026-06-10 15:31:43 - app_logger - INFO - get_all_requests:111 - Returning 20 request(s).
2026-06-10 15:31:58 - app_logger - INFO - get_all_requests:108 - Request received — list all optimisation requests.
2026-06-10 15:31:58 - app_logger - INFO - get_all_requests:111 - Returning 20 request(s).
2026-06-10 15:32:13 - app_logger - INFO - get_all_requests:108 - Request received — list all optimisation requests.
2026-06-10 15:32:13 - app_logger - INFO - get_all_requests:111 - Returning 20 request(s).
2026-06-10 15:36:08 - app_logger - INFO - get_fue_dashboard:1121 - [Stage 6] Fetching FUE Dashboard for SYS_2
2026-06-10 15:36:08 - app_logger - INFO - get_user_role_summary_tablename:96 - Generated user-role summary license table name for system 'SYS_2'
2026-06-10 15:36:08 - app_logger - INFO - create_user_lic_summary_model:575 - Model for table 'Z_FUE_SYS_2_USER_LICENSE_SUMMARY' found in cache. Returning cached model.
2026-06-10 15:36:08 - app_logger - INFO - get_role_lice_data_summary_tablename:86 - Generated role license summary info table name for system 'SYS_2'
2026-06-10 15:36:08 - app_logger - INFO - create_role_lic_summary_model:531 - Model for table 'Z_FUE_SYS_2_ROLE_LICENSE_SUMMARY' found in cache. Returning cached model.
2026-06-10 15:44:18 - app_logger - INFO - get_all_requests:108 - Request received — list all optimisation requests.
2026-06-10 15:44:18 - app_logger - INFO - get_all_requests:111 - Returning 20 request(s).
2026-06-10 15:44:20 - app_logger - INFO - get_results_by_request_id:138 - Fetching AI results for req_id='REQ100019'.
2026-06-10 15:44:20 - app_logger - INFO - get_sim_results_by_request_id:186 - Fetching sim results for req_id='REQ100019', system='SYS_2'.
2026-06-10 15:44:20 - app_logger - INFO - get_results_by_request_id:148 - Found 1 AI result row(s) for req_id='REQ100019'.
2026-06-10 15:44:20 - app_logger - INFO - get_sim_results_by_request_id:199 - Found 1 sim result row(s) for req_id='REQ100019'.
2026-06-10 15:44:36 - app_logger - INFO - get_all_requests:108 - Request received — list all optimisation requests.
2026-06-10 15:44:36 - app_logger - INFO - get_all_requests:111 - Returning 20 request(s).
2026-06-10 15:44:51 - app_logger - INFO - get_all_requests:108 - Request received — list all optimisation requests.
2026-06-10 15:44:51 - app_logger - INFO - get_all_requests:111 - Returning 20 request(s).
2026-06-10 15:45:06 - app_logger - INFO - get_all_requests:108 - Request received — list all optimisation requests.
2026-06-10 15:45:06 - app_logger - INFO - get_all_requests:111 - Returning 20 request(s).
2026-06-10 15:45:10 - app_logger - INFO - get_agr_1251_tablename:29 - Generated role auth table agr_1251_name for system 'SYS_2'
2026-06-10 15:45:10 - app_logger - INFO - get_agr_users_tablename:34 - Generated user role mapping agr_users table name for system 'SYS_2'
2026-06-10 15:45:10 - app_logger - INFO - get_agr_define_tablename:39 - Generated parent child role mapping table name for system 'SYS_2'
2026-06-10 15:45:10 - app_logger - INFO - get_agr_agrs_tablename:44 - Generated Composite roles data table name for system 'SYS_2'
2026-06-10 15:45:10 - app_logger - INFO - get_usr02_tablename:49 - Generated USER_DATA table name for system 'SYS_2'
2026-06-10 15:45:10 - app_logger - INFO - get_transaction_usage_data_tablename:54 - Generated transaction_usage_data table name for system 'SYS_2'
2026-06-10 15:45:10 - app_logger - INFO - get_tcode_data_tablename:65 - Generated tcode text data name for system 'SYS_2'
2026-06-10 15:45:10 - app_logger - INFO - get_flpca_data_tablename:60 - Generated flpca table name for system 'SYS_2'
2026-06-10 15:45:10 - app_logger - INFO - get_usobxC_data_tablename:70 - Generated tcode text data name for system 'SYS_2'
2026-06-10 15:45:10 - app_logger - INFO - get_obj_text_data_tablename:76 - Generated tcode text data name for system 'SYS_2'
2026-06-10 15:45:10 - app_logger - INFO - get_tables_for_client_system:340 - Successfully fetched tables ['Z_FUE_CLIENT_SYS_INFO', 'Z_FUE_SYS_2_COMPOSITE_ROLE_DATA', 'Z_FUE_SYS_2_TRANSACTION_USAGE', 'Z_FUE_SYS_2_USER_DATA', 'Z_FUE_SYS_2_ROLE_LIC_SIM', 'Z_FUE_SYS_2_TCODE_TEXT DATA', 'Z_FUE_LOG_FILE', 'Z_FUE_SYS_2_SIMULATION_RESULT', 'Z_FUE_RULESET', 'Z_FUE_SYS_2_ROLE_LICENSE_SUMMARY', 'Z_FUE_SYS_2_FIORI DATA', 'Z_FUE_FDP100_ROLE_LICENSE_SUMMARY', 'Z_FUE_SYS_2_USER_ROLE_MAPPING', 'Z_FUE_SYS_2_ROLE_OBJ_LICENSE_INFO', 'Z_FUE_SYS_2_PARENT_CHILD_ROLE_MAPPING', 'Z_FUE_FDP100_USER_ROLE_MAPPING', 'Z_FUE_AI_MODEL_CONFIG', 'Z_FUE_SYS_2_USOBX_C DATA', 'Z_FUE_SYS_2_ROLE_AUTH_INFO', 'Z_FUE_SYS_2_OBJ_TEXT DATA', 'Z_FUE_OPT_REQUESTS', 'Z_FUE_OPT_RESULTS', 'Z_FUE_SYS_2_OPT_SIM_RESULT', 'Z_ACTVT_TEXT', 'Z_FUE_SYS_2_USER_ROLE_LICENSE_INFO', 'Z_FUE_SYS_2_USER_LICENSE_SUMMARY', 'Z_FUE_HISTORY'] for  and system: SYS_2.
2026-06-10 15:48:31 - app_logger - INFO - get_all_requests:108 - Request received — list all optimisation requests.
2026-06-10 15:48:31 - app_logger - INFO - get_all_requests:111 - Returning 20 request(s).
2026-06-10 15:48:33 - app_logger - INFO - get_sim_results_by_request_id:186 - Fetching sim results for req_id='REQ100019', system='SYS_2'.
2026-06-10 15:48:33 - app_logger - INFO - get_results_by_request_id:138 - Fetching AI results for req_id='REQ100019'.
2026-06-10 15:48:33 - app_logger - INFO - get_sim_results_by_request_id:199 - Found 1 sim result row(s) for req_id='REQ100019'.
2026-06-10 15:48:33 - app_logger - INFO - get_results_by_request_id:148 - Found 1 AI result row(s) for req_id='REQ100019'.
2026-06-10 15:49:08 - app_logger - INFO - get_all_requests:108 - Request received — list all optimisation requests.
2026-06-10 15:49:08 - app_logger - INFO - get_all_requests:111 - Returning 20 request(s).
2026-06-10 15:49:23 - app_logger - INFO - get_all_requests:108 - Request received — list all optimisation requests.
2026-06-10 15:49:23 - app_logger - INFO - get_all_requests:111 - Returning 20 request(s).
2026-06-10 15:49:38 - app_logger - INFO - get_all_requests:108 - Request received — list all optimisation requests.
2026-06-10 15:49:38 - app_logger - INFO - get_all_requests:111 - Returning 20 request(s).
2026-06-10 15:49:53 - app_logger - INFO - get_all_requests:108 - Request received — list all optimisation requests.
2026-06-10 15:49:53 - app_logger - INFO - get_all_requests:111 - Returning 20 request(s).
2026-06-10 15:50:08 - app_logger - INFO - get_all_requests:108 - Request received — list all optimisation requests.
2026-06-10 15:50:08 - app_logger - INFO - get_all_requests:111 - Returning 20 request(s).
2026-06-10 15:50:23 - app_logger - INFO - get_all_requests:108 - Request received — list all optimisation requests.
2026-06-10 15:50:23 - app_logger - INFO - get_all_requests:111 - Returning 20 request(s).
2026-06-10 15:50:38 - app_logger - INFO - get_all_requests:108 - Request received — list all optimisation requests.
2026-06-10 15:50:38 - app_logger - INFO - get_all_requests:111 - Returning 20 request(s).
2026-06-10 15:50:53 - app_logger - INFO - get_all_requests:108 - Request received — list all optimisation requests.
2026-06-10 15:50:53 - app_logger - INFO - get_all_requests:111 - Returning 20 request(s).
2026-06-10 15:51:08 - app_logger - INFO - get_all_requests:108 - Request received — list all optimisation requests.
2026-06-10 15:51:08 - app_logger - INFO - get_all_requests:111 - Returning 20 request(s).
2026-06-10 15:51:23 - app_logger - INFO - get_all_requests:108 - Request received — list all optimisation requests.
2026-06-10 15:51:23 - app_logger - INFO - get_all_requests:111 - Returning 20 request(s).
2026-06-10 15:51:38 - app_logger - INFO - get_all_requests:108 - Request received — list all optimisation requests.
2026-06-10 15:51:38 - app_logger - INFO - get_all_requests:111 - Returning 20 request(s).
2026-06-10 15:51:53 - app_logger - INFO - get_all_requests:108 - Request received — list all optimisation requests.
2026-06-10 15:51:53 - app_logger - INFO - get_all_requests:111 - Returning 20 request(s).
2026-06-10 15:52:08 - app_logger - INFO - get_all_requests:108 - Request received — list all optimisation requests.
2026-06-10 15:52:08 - app_logger - INFO - get_all_requests:111 - Returning 20 request(s).
2026-06-10 15:52:23 - app_logger - INFO - get_all_requests:108 - Request received — list all optimisation requests.
2026-06-10 15:52:23 - app_logger - INFO - get_all_requests:111 - Returning 20 request(s).
2026-06-10 15:52:44 - app_logger - INFO - get_all_requests:108 - Request received — list all optimisation requests.
2026-06-10 15:52:44 - app_logger - INFO - get_all_requests:111 - Returning 20 request(s).
2026-06-10 15:53:18 - app_logger - INFO - get_all_requests:108 - Request received — list all optimisation requests.
2026-06-10 15:53:18 - app_logger - INFO - get_all_requests:111 - Returning 20 request(s).
2026-06-10 15:53:33 - app_logger - INFO - get_all_requests:108 - Request received — list all optimisation requests.
2026-06-10 15:53:33 - app_logger - INFO - get_all_requests:111 - Returning 20 request(s).
2026-06-10 15:53:48 - app_logger - INFO - get_all_requests:108 - Request received — list all optimisation requests.
2026-06-10 15:53:48 - app_logger - INFO - get_all_requests:111 - Returning 20 request(s).
2026-06-10 15:54:03 - app_logger - INFO - get_all_requests:108 - Request received — list all optimisation requests.
2026-06-10 15:54:03 - app_logger - INFO - get_all_requests:111 - Returning 20 request(s).
2026-06-10 15:54:18 - app_logger - INFO - get_all_requests:108 - Request received — list all optimisation requests.
2026-06-10 15:54:18 - app_logger - INFO - get_all_requests:111 - Returning 20 request(s).
2026-06-10 15:54:33 - app_logger - INFO - get_all_requests:108 - Request received — list all optimisation requests.
2026-06-10 15:54:33 - app_logger - INFO - get_all_requests:111 - Returning 20 request(s).
2026-06-10 15:54:48 - app_logger - INFO - get_all_requests:108 - Request received — list all optimisation requests.
2026-06-10 15:54:48 - app_logger - INFO - get_all_requests:111 - Returning 20 request(s).
2026-06-10 15:55:03 - app_logger - INFO - get_all_requests:108 - Request received — list all optimisation requests.
2026-06-10 15:55:03 - app_logger - INFO - get_all_requests:111 - Returning 20 request(s).
2026-06-10 15:55:18 - app_logger - INFO - get_all_requests:108 - Request received — list all optimisation requests.
2026-06-10 15:55:18 - app_logger - INFO - get_all_requests:111 - Returning 20 request(s).
2026-06-10 15:55:33 - app_logger - INFO - get_all_requests:108 - Request received — list all optimisation requests.
2026-06-10 15:55:33 - app_logger - INFO - get_all_requests:111 - Returning 20 request(s).
2026-06-10 15:55:48 - app_logger - INFO - get_all_requests:108 - Request received — list all optimisation requests.
2026-06-10 15:55:48 - app_logger - INFO - get_all_requests:111 - Returning 20 request(s).
2026-06-10 15:56:03 - app_logger - INFO - get_all_requests:108 - Request received — list all optimisation requests.
2026-06-10 15:56:03 - app_logger - INFO - get_all_requests:111 - Returning 20 request(s).
2026-06-10 15:56:20 - app_logger - INFO - get_all_requests:108 - Request received — list all optimisation requests.
2026-06-10 15:56:20 - app_logger - INFO - get_all_requests:111 - Returning 20 request(s).
2026-06-10 15:56:35 - app_logger - INFO - get_all_requests:108 - Request received — list all optimisation requests.
2026-06-10 15:56:35 - app_logger - INFO - get_all_requests:111 - Returning 20 request(s).
2026-06-10 16:08:34 - app_logger - INFO - get_all_requests:108 - Request received — list all optimisation requests.
2026-06-10 16:08:34 - app_logger - INFO - get_all_requests:111 - Returning 20 request(s).
2026-06-10 16:08:35 - app_logger - INFO - get_all_requests:108 - Request received — list all optimisation requests.
2026-06-10 16:08:35 - app_logger - INFO - get_all_requests:111 - Returning 20 request(s).
2026-06-11 15:11:30 - app_logger - INFO - get_all_requests:108 - Request received — list all optimisation requests.
2026-06-11 15:11:30 - app_logger - INFO - get_all_requests:111 - Returning 20 request(s).
